id,exam_type,grade,topic,subtopic,skills,difficulty,cognitive_level,estimated_time_seconds,type,question,option_A,option_B,option_C,option_D,answer,explanation,source_type,source,license,knowledge_id
"q_tsa_01","TSA","Toán 12","Giải tích","Tối ưu hóa thực tế","skill_modeling;skill_calculation;skill_reasoning","Khó","M4","120","single_choice","Một doanh nghiệp dự định sản xuất bồn chứa nước bằng inox hình trụ có nắp đậy với dung tích cố định \(V = 2\pi\text{ m}^3\). Chi phí làm nắp và đáy là 1,5 triệu đồng/\(\text{m}^2\), chi phí làm mặt xung quanh là 1,0 triệu đồng/\(\text{m}^2\). Xác định bán kính đáy \(r\) (theo mét) để tổng chi phí sản xuất bồn là nhỏ nhất.","\(r = \sqrt[3]{2/3}\text{ m}\)","\(r = \sqrt[3]{3/2}\text{ m}\)","\(r = 1\text{ m}\)","\(r = \sqrt{2/3}\text{ m}\)","A","Bước 1 (Ràng buộc): Thể tích \(V = \pi r^2 h = 2\pi \implies h = \frac{2}{r^2}\).<br>Bước 2: Chi phí \(C(r) = 1,5(2\pi r^2) + 1,0(2\pi r h) = 3\pi r^2 + \frac{4\pi}{r}\).<br>Bước 3: Tách AM-GM: \(C(r) = 3\pi r^2 + \frac{2\pi}{r} + \frac{2\pi}{r} \ge 3\sqrt[3]{3\pi r^2 \cdot \frac{2\pi}{r} \cdot \frac{2\pi}{r}} = 3\sqrt[3]{12\pi^3}\).<br>Dấu '=' xảy ra khi \(3\pi r^2 = \frac{2\pi}{r} \iff r^3 = \frac{2}{3} \iff r = \sqrt[3]{\frac{2}{3}}\text{ m}\).","official","Đề thi TSA Đại học Bách Khoa Hà Nội","CC BY-NC-SA 4.0","kb_toan12_01"
"q_tsa_02","TSA","Toán 12","Hình học","Cực trị hình học","skill_spatial;skill_reasoning","Trung bình","M3","90","single_choice","Một kênh dẫn nước có mặt cắt ngang là hình thang cân với đáy bé và hai cạnh bên đều có độ dài bằng \(a = 2\text{ m}\). Góc nghiêng giữa cạnh bên và phương ngang là \(\alpha\) (\(0 < \alpha < \frac{\pi}{2}\)). Tìm \(\alpha\) để diện tích mặt cắt ngang \(S(\alpha)\) đạt giá trị lớn nhất.","\(\alpha = 45^\circ\)","\(\alpha = 60^\circ\)","\(\alpha = 30^\circ\)","\(\alpha = 75^\circ\)","B","Chiều cao: \(h = 2\sin\alpha\). Đáy lớn: \(B = 2 + 4\cos\alpha\).<br>Diện tích: \(S(\alpha) = \frac{(B+a)h}{2} = 4(1+\cos\alpha)\sin\alpha\).<br>Đạo hàm: \(S'(\alpha) = 4(2\cos^2\alpha + \cos\alpha - 1) = 0\). Với \(t = \cos\alpha \in (0, 1)\), ta có \(2t^2 + t - 1 = 0 \implies t = 1/2 \implies \alpha = 60^\circ = \pi/3\). Khi đó \(S_{\max} = 3\sqrt{3}\text{ m}^2\).","official","Đề thi TSA Đại học Bách Khoa Hà Nội","CC BY-NC-SA 4.0","kb_toan10_03"
"q_tsa_03","TSA","Toán 12","Xác suất","Xích Markov","skill_probability;skill_reasoning;skill_data_analysis","Khó","M4","120","single_choice","Hai hãng taxi công nghệ A và B cạnh tranh tại một thành phố. Ban đầu thị phần của A là 70%, B là 30%. Hàng năm, 80% khách của A tiếp tục dùng A, 20% chuyển sang B; trong khi 60% khách của B tiếp tục dùng B, 40% chuyển sang A. Xác định thị phần cân bằng dài hạn của hãng A.","60,00%","66,67%","67,20%","75,00%","B","Ma trận chuyển trạng thái theo cột: \(P = \begin{pmatrix} 0,80 & 0,40 \\ 0,20 & 0,60 \end{pmatrix}\).<br>Trạng thái cân bằng dừng \((P - I)\pi = 0\) thỏa: \(-0,20\pi_A + 0,40\pi_B = 0 \iff \pi_A = 2\pi_B\).<br>Kết hợp \(\pi_A + \pi_B = 1 \implies \pi_A = 2/3 \approx 66,67\%\).","adapted","Tuyển tập Tư duy Toán học TSA","CC BY-NC-SA 4.0","kb_dstt_05"
"q_tsa_04","TSA","Toán 12","Đại số","Dãy số truy hồi","skill_calculation;skill_reasoning","Trung bình","M3","90","single_choice","Dãy số \(\{a_n\}\) thỏa mãn: \(a_1 = 5, a_2 = 13\) và \(a_n = 5a_{n-1} - 6a_{n-2}\) với mọi \(n \ge 3\). Giá trị của số hạng \(a_{10}\) bằng:","60073","59049","61440","58925","A","Phương trình đặc trưng: \(r^2 - 5r + 6 = 0 \iff r_1 = 2, r_2 = 3\).<br>Nghiệm tổng quát: \(a_n = A \cdot 2^n + B \cdot 3^n\).<br>Từ hệ giá trị đầu: \(2A + 3B = 5\) và \(4A + 9B = 13 \implies A = 1, B = 1\).<br>Do đó \(a_n = 2^n + 3^n \implies a_{10} = 2^{10} + 3^{10} = 1024 + 59049 = 60073\).","official","Đề thi TSA Bách Khoa","CC BY-NC-SA 4.0","kb_toan11_02"
"q_tsa_05","TSA","Toán 12","Hình học","Hình học Oxyz","skill_spatial;skill_reasoning","Trung bình","M3","90","single_choice","Trong không gian \(Oxyz\) (đơn vị: km), trạm kiểm soát không lưu đặt tại gốc tọa độ \(O(0,0,0)\). Một máy bay đang bay theo đường thẳng \(d: \begin{cases} x = 12 + 2t \\ y = 9 - t \\ z = 6 + 2t \end{cases}\). Khoảng cách ngắn nhất từ máy bay đến trạm kiểm soát \(O\) là:","\(12\text{ km}\)","\(6\sqrt{5}\text{ km}\)","\(15\text{ km}\)","\(3\sqrt{10}\text{ km}\)","B","Vị trí máy bay \(M(12+2t, 9-t, 6+2t)\).<br>Khoảng cách bình phương: \(OM^2(t) = (12+2t)^2 + (9-t)^2 + (6+2t)^2 = 9t^2 + 54t + 261\).<br>Tam thức bậc 2 đạt cực tiểu tại đỉnh parabol: \(t = -54/18 = -3\).<br>\(OM^2_{\min} = 9(-3)^2 + 54(-3) + 261 = 180 \implies d_{\min} = \sqrt{180} = 6\sqrt{5} \approx 13,42\text{ km}\).","official","Đề thi TSA Bách Khoa","CC BY-NC-SA 4.0","kb_toan12_04"
"q_tsa_06","TSA","Toán 12","Hình học","Khoảng cách đường chéo nhau","skill_spatial;skill_reasoning","Khó","M4","120","single_choice","Trong hệ trục tọa độ \(Oxyz\) (đơn vị: mét), hai dây cáp treo chéo nhau có phương trình: \(d_1: \frac{x - 10}{2} = \frac{y - 20}{1} = \frac{z - 30}{2}\) và \(d_2: \frac{x + 10}{1} = \frac{y + 10}{2} = \frac{z - 10}{-2}\). Khoảng cách ngắn nhất giữa hai dây cáp treo này là:","\(10\text{ m}\)","\(\frac{40}{3}\text{ m}\)","\(15\text{ m}\)","\(\frac{35}{3}\text{ m}\)","B","\(d_1\) qua \(M_1(10,20,30)\), \(\vec{u}_1 = (2,1,2)\).<br>\(d_2\) qua \(M_2(-10,-10,10)\), \(\vec{u}_2 = (1,2,-2)\).<br>\(\vec{M_1 M_2} = (-20, -30, -20)\).<br>Tích có hướng: \([\vec{u}_1, \vec{u}_2] = (-6, 6, 3)\), độ dài \(= \sqrt{36+36+9} = 9\).<br>Tích vô hướng: \(|[\vec{u}_1, \vec{u}_2] \cdot \vec{M_1 M_2}| = |(-6)(-20) + 6(-30) + 3(-20)| = |-120| = 120\).<br>Khoảng cách: \(d = 120 / 9 = 40/3\text{ m}\).","official","Đề thi TSA Bách Khoa","CC BY-NC-SA 4.0","kb_toan12_04"
"q_tsa_07","TSA","Toán 12","Đại số","Thuật toán logic & Mã giả","skill_calculation;skill_reasoning","Dễ","M2","60","single_choice","Cho đoạn mã giả sau: Nhập a = 42, b = 70, Count = 0. Khi (a ≠ b) thực hiện: Count = Count + 1; Nếu (a > b) thì a = a - b, ngược lại b = b - a. Xuất ra: a, Count. Giá trị xuất ra của Count khi thuật toán kết thúc là:","2","3","4","5","B","Bước 1: a=42, b=70 -> b = 70 - 42 = 28, Count = 1.<br>Bước 2: a=42, b=28 -> a = 42 - 28 = 14, Count = 2.<br>Bước 3: a=14, b=28 -> b = 28 - 14 = 14, Count = 3.<br>Khi này a = b = 14, điều kiện lặp dừng lại. Xuất ra Count = 3 và a = 14 (ƯCLN của 42 và 70).","official","Đề thi TSA Bách Khoa","CC BY-NC-SA 4.0","kb_toan10_01"
"q_tsa_08","TSA","Toán 12","Đại số","Thuật toán vòng lặp","skill_calculation;skill_reasoning","Trung bình","M3","90","single_choice","Cho đoạn mã giả: P = 1, k = 1. Khi (P ≤ 1000) thực hiện: k = k + 1, P = P * 2 + k. Xác định giá trị xuất ra của k và P khi vòng lặp dừng lại.","k = 8, P = 502","k = 9, P = 1013","k = 9, P = 1000","k = 10, P = 2036","B","Chạy bảng trạng thái (Trace table): kết thúc ở vòng lặp thứ 8: k = 9 và P = 502 * 2 + 9 = 1013 > 1000, dừng vòng lặp.","official","Đề thi TSA Bách Khoa","CC BY-NC-SA 4.0","kb_toan11_02"
"q_tsa_09","TSA","Toán 12","Giải tích","Ứng dụng đạo hàm thực tế","skill_calculation;skill_reasoning","Trung bình","M3","90","single_choice","Nồng độ thuốc \(C(t)\) (đơn vị: mg/L) trong máu sau \(t\) giờ được mô hình hóa bởi hàm số \(C(t) = 4t \cdot e^{-0,5t}\) (\(t \ge 0\)). Nồng độ thuốc đạt giá trị cao nhất tại thời điểm nào và bằng bao nhiêu?","\(t = 1\text{ h}, C_{\max} = 4e^{-0,5}\)","\(t = 2\text{ h}, C_{\max} = \frac{8}{e}\)","\(t = 4\text{ h}, C_{\max} = \frac{16}{e^2}\)","\(t = 2\text{ h}, C_{\max} = \frac{4}{e}\)","B","Đạo hàm: \(C'(t) = 2(2 - t)e^{-0,5t} = 0 \iff t = 2\). Giá trị lớn nhất \(C(2) = 4(2)e^{-1} = 8/e \approx 2,94\text{ mg/L}\).","official","Đề thi TSA Bách Khoa","CC BY-NC-SA 4.0","kb_toan12_01"
"q_tsa_10","TSA","Toán 12","Xác suất","Tổ hợp lặp Euler","skill_probability;skill_reasoning;skill_data_analysis","Khó","M4","120","single_choice","Có 15 suất học bổng giống nhau cần trao cho 4 viện đào tạo. Hỏi có bao nhiêu cách phân chia nếu Viện 1 nhận ít nhất 3 suất, Viện 2 nhận ít nhất 2 suất, Viện 3 và Viện 4 mỗi viện nhận ít nhất 1 suất?","120","165","220","286","B","Đổi biến về tổng các số nguyên dương: \(y_1 + y_2 + x_3 + x_4 = 15 - 2 - 1 = 12\). Số cách chia là \(C_{12 - 1}^{4 - 1} = C_{11}^3 = 165\).","official","Đề thi TSA Bách Khoa","CC BY-NC-SA 4.0","kb_toan10_05"
"q_tsa_11","TSA","Toán 12","Hình học","Công thức Shoelace","skill_spatial;skill_reasoning","Trung bình","M3","90","single_choice","Tính diện tích của ngũ giác phẳng có tọa độ các đỉnh theo thứ tự vòng quanh là \(A(1, 2), B(5, 4), C(6, 8), D(2, 7), E(0, 4)\) bằng công thức Shoelace (dây giày Gauss).","18","20","22","24","B","Công thức Shoelace: \(S = \frac{1}{2} |\sum (x_i y_{i+1} - x_{i+1} y_i)| = \frac{1}{2} |94 - 54| = 20\).","adapted","Toán Cao cấp Ứng dụng TSA","CC BY-NC-SA 4.0","kb_toan10_04"
"q_tsa_12","TSA","Toán 12","Giải tích","Tích phân đối xứng King","skill_calculation;skill_reasoning","Dễ","M2","60","single_choice","Tính giá trị của tích phân đối xứng \(I = \int_0^{\pi/2} \frac{\sin^3 x}{\sin^3 x + \cos^3 x} dx\) bằng định lý King.","\(\pi/2\)","\(\pi/4\)","\(\pi/3\)","\(1\)","B","Áp dụng định lý King: \(I = \frac{b - a}{2} = \frac{\pi/2 - 0}{2} = \frac{\pi}{4}\).","adapted","Toán Cao cấp Ứng dụng TSA","CC BY-NC-SA 4.0","kb_toan12_03"
"q_tsa_13","TSA","Toán 12","Xác suất","Xích Markov 3 trạng thái","skill_probability;skill_reasoning;skill_data_analysis","Khó","M4","120","single_choice","Thời tiết mỗi ngày có 3 trạng thái: 1-Nắng, 2-Mây, 3-Mưa với ma trận chuyển \(P = \begin{pmatrix} 0,7 & 0,2 & 0,1 \\ 0,2 & 0,6 & 0,3 \\ 0,1 & 0,2 & 0,6 \end{pmatrix}\). Nếu thứ Hai là ngày Nắng (\(v_0 = (1, 0, 0)^T\)), xác suất ngày thứ Tư (sau 2 ngày) có mưa là:","10%","17%","29%","54%","B","Sau 1 ngày (thứ Ba): \(v_1 = P \cdot v_0 = (0,7; 0,2; 0,1)^T\).<br>Sau 2 ngày (thứ Tư): \(v_2 = P \cdot v_1\). Thành phần mưa (dòng 3): \(0,1(0,7) + 0,2(0,2) + 0,6(0,1) = 0,07 + 0,04 + 0,06 = 0,17 = 17\%\).","official","Đề thi TSA Bách Khoa","CC BY-NC-SA 4.0","kb_dstt_05"
"q_tsa_14","TSA","Toán 12","Giải tích","Khảo sát hàm phân thức","skill_calculation;skill_reasoning","Trung bình","M3","90","single_choice","Cho hàm số \(f(x) = \frac{x^2 - 3x + 6}{x - 1}\). Giá trị cực đại \(y_{\text{CĐ}}\) và giá trị cực tiểu \(y_{\text{CT}}\) thỏa mãn hệ thức nào sau đây?","\(y_{\text{CĐ}} = -5 < y_{\text{CT}} = 3\)","\(y_{\text{CĐ}} = 3 > y_{\text{CT}} = -5\)","\(y_{\text{CĐ}} = 5 > y_{\text{CT}} = -3\)","\(y_{\text{CĐ}} = -3 < y_{\text{CT}} = 5\)","A","Đạo hàm: \(f'(x) = \frac{x^2 - 2x - 3}{(x-1)^2} = 0 \iff x = -1\) hoặc \(x = 3\).<br>Tại \(x = -1\) là điểm cực đại có \(y_{\text{CĐ}} = f(-1) = -5\). Tại \(x = 3\) là điểm cực tiểu có \(y_{\text{CT}} = f(3) = 3\). Rõ ràng \(y_{\text{CĐ}} = -5 < y_{\text{CT}} = 3\).","official","Đề thi TSA Bách Khoa","CC BY-NC-SA 4.0","kb_toan12_01"
"q_tsa_15","TSA","Toán 12","Đại số","Giới hạn dãy số & Tỉ số vàng","skill_calculation;skill_reasoning","Dễ","M2","60","single_choice","Dãy Fibonacci \(\{F_n\}\) thỏa mãn \(F_0 = 0, F_1 = 1, F_n = F_{n-1} + F_{n-2}\). Giới hạn tỉ số liên tiếp \(\lim_{n \to \infty} \frac{F_{n+1}}{F_n}\) (tỉ số vàng \(\varphi\)) bằng:","\(\frac{1 + \sqrt{5}}{2}\)","\(\frac{1 - \sqrt{5}}{2}\)","\(\sqrt{5} - 1\)","\(1,5\)","A","Đặt \(x = \lim \frac{F_{n+1}}{F_n}\). Từ hệ thức \(F_{n+1} = F_n + F_{n-1}\), chia 2 vế cho \(F_n\): \(x = 1 + \frac{1}{x} \iff x^2 - x - 1 = 0\). Vì \(x > 0\) nên \(x = \frac{1 + \sqrt{5}}{2} \approx 1,618\) (Tỉ số vàng).","official","Đề thi TSA Bách Khoa","CC BY-NC-SA 4.0","kb_toan11_02"
"q_tsa_16","TSA","Toán 12","Giải tích","Tối ưu hóa lợi nhuận","skill_modeling;skill_calculation;skill_reasoning","Dễ","M2","60","single_choice","Một dây chuyền sản xuất vi mạch có chi phí cố định là 50 triệu đồng và chi phí sản xuất mỗi linh kiện là \(C(x) = 2x^2 + 40x\) (nghìn đồng). Giá bán mỗi linh kiện là 120 nghìn đồng. Số lượng linh kiện \(x\) cần sản xuất để tối đa hóa lợi nhuận là:","20 linh kiện","25 linh kiện","30 linh kiện","40 linh kiện","A","Hàm lợi nhuận: \(\pi(x) = R(x) - C(x) = 120x - (2x^2 + 40x) = -2x^2 + 80x\).<br>Đạo hàm \(\pi'(x) = -4x + 80 = 0 \iff x = 20\). Do hệ số \(a = -2 < 0\), parabol đạt cực đại tại \(x = 20\).","official","Đề thi TSA Bách Khoa","CC BY-NC-SA 4.0","kb_toan10_03"
"q_tsa_17","TSA","Toán 12","Xác suất","Độ tin cậy hệ thống","skill_probability;skill_reasoning;skill_data_analysis","Dễ","M2","60","single_choice","Một hệ thống cung cấp điện an toàn gồm 3 bộ biến áp hoạt động độc lập mắc song song. Xác suất để mỗi bộ biến áp bị hỏng trong năm là 0,05. Xác suất để toàn hệ thống vẫn hoạt động (ít nhất 1 bộ biến áp không hỏng) là:","0,999875","0,950000","0,997500","0,999900","A","Biến cố đối là cả 3 bộ biến áp đều bị hỏng: \(P(\text{Hỏng cả 3}) = 0,05^3 = 0,000125\).<br>Xác suất hệ thống vẫn hoạt động: \(P = 1 - 0,000125 = 0,999875\).","official","Đề thi TSA Bách Khoa","CC BY-NC-SA 4.0","kb_toan11_05"
"q_tsa_18","TSA","Toán 12","Hình học","Góc trong không gian Oxyz","skill_spatial;skill_reasoning","Dễ","M2","60","single_choice","Trong không gian \(Oxyz\), hai tuyến cáp quang ngầm đặt dọc theo hai vectơ \(\vec{u}_1 = (1, 2, 2)\) và \(\vec{u}_2 = (2, -1, 2)\). Góc \(\theta\) giữa hai tuyến cáp quang này thỏa mãn:","\(\cos\theta = \frac{4}{9}\)","\(\cos\theta = \frac{2}{9}\)","\(\cos\theta = \frac{1}{3}\)","\(\cos\theta = \frac{5}{9}\)","A","Áp dụng công thức góc giữa hai đường thẳng: \(\cos\theta = \frac{|\vec{u}_1 \cdot \vec{u}_2|}{|\vec{u}_1| \cdot |\vec{u}_2|}\).<br>Tích vô hướng: \(|1(2) + 2(-1) + 2(2)| = |2 - 2 + 4| = 4\).<br>Độ dài: \(|\vec{u}_1| = \sqrt{1+4+4} = 3\); \(|\vec{u}_2| = \sqrt{4+1+4} = 3\).<br>Do đó \(\cos\theta = \frac{4}{3 \cdot 3} = \frac{4}{9}\).","official","Đề thi TSA Bách Khoa","CC BY-NC-SA 4.0","kb_toan12_04"
"q_tsa_19","TSA","Toán 12","Giải tích","Tối ưu hóa cửa sổ Norman","skill_modeling;skill_calculation;skill_reasoning","Khó","M4","120","single_choice","Một cửa sổ Norman có hình dạng gồm một hình chữ nhật phía dưới gắn liền với một nửa hình tròn phía trên. Biết chu vi toàn bộ cửa sổ là \(P = 10\text{ m}\). Để diện tích cửa sổ lớn nhất (thu được nhiều ánh sáng nhất), bán kính nửa hình tròn \(r\) phải bằng:","\(r = \frac{10}{\pi + 4}\text{ m}\)","\(r = \frac{5}{\pi + 2}\text{ m}\)","\(r = 1\text{ m}\)","\(r = \frac{10}{2\pi + 1}\text{ m}\)","A","Đáy hình chữ nhật là \(2r\), chiều cao là \(h\). Chu vi: \(2r + 2h + \pi r = 10 \implies h = 5 - r - \frac{\pi}{2}r\).<br>Diện tích: \(S(r) = 2r h + \frac{1}{2}\pi r^2 = 2r(5 - r - \frac{\pi}{2}r) + \frac{1}{2}\pi r^2 = 10r - (2 + \frac{\pi}{2})r^2\).<br>Đạo hàm: \(S'(r) = 10 - (4 + \pi)r = 0 \iff r = \frac{10}{\pi + 4}\text{ m}\).","official","Đề thi TSA Bách Khoa","CC BY-NC-SA 4.0","kb_toan12_01"
"q_tsa_20","TSA","Toán 12","Giải tích","Cực trị hàm số qua đạo hàm","skill_calculation;skill_reasoning","Dễ","M2","60","single_choice","Cho hàm số \(y = f(x)\) có bảng biến thiên đạo hàm \(f'(x) = (x-1)^2(x+2)(x-3)^3\). Số điểm cực trị của hàm số \(f(x)\) là:","1","2","3","4","B","Điểm cực trị chỉ xảy ra khi đạo hàm đổi dấu qua nghiệm bội lẻ. Ở đây: \((x-1)^2\) là nghiệm bội chẵn (không đổi dấu); \(x+2\) là nghiệm bội lẻ 1 (đổi dấu); \((x-3)^3\) là nghiệm bội lẻ 3 (đổi dấu). Vậy hàm số có đúng 2 điểm cực trị (tại \(x = -2\) và \(x = 3\)).","official","Đề thi TSA Bách Khoa","CC BY-NC-SA 4.0","kb_toan12_01"
"q_tsa_21","TSA","Toán 12","Đại số","Quy hoạch tuyến tính","skill_calculation;skill_reasoning","Khó","M4","120","single_choice","Một công ty dự định đầu tư tối đa 100 tỷ đồng vào 2 dự án X và Y. Dự án X yêu cầu tối thiểu 20 tỷ và sinh lời 12%/năm. Dự án Y yêu cầu tối thiểu 30 tỷ và sinh lời 15%/năm. Do rủi ro thanh khoản, số tiền đầu tư vào Y không được vượt quá 2 lần số tiền đầu tư vào X. Lợi nhuận hàng năm lớn nhất mà công ty có thể đạt được là:","13,8 tỷ đồng","14,0 tỷ đồng","14,4 tỷ đồng","15,0 tỷ đồng","B","Gọi x, y lần lượt là số tiền đầu tư vào X và Y (tỷ đồng).<br>Hệ ràng buộc: x + y ≤ 100, x ≥ 20, y ≥ 30, y ≤ 2x.<br>Miền nghiệm là tứ giác với các đỉnh: A(20, 30), B(20, 40), C(100/3, 200/3), D(70, 30).<br>Lợi nhuận L(x, y) = 0,12x + 0,15y.<br>Tính tại C(100/3, 200/3): L = 0,12(100/3) + 0,15(200/3) = 4 + 10 = 14,0 tỷ đồng.","official","Đề thi TSA Bách Khoa","CC BY-NC-SA 4.0","kb_toan10_02"
"q_tsa_22","TSA","Toán 12","Giải tích","Đường cong tăng trưởng Logistic","skill_calculation;skill_reasoning","Khó","M4","120","single_choice","Mô hình tăng trưởng số lượng tài khoản của một mạng xã hội thỏa mãn phương trình logistic: \(N(t) = \frac{50}{1 + 9e^{-0,4t}}\) (triệu tài khoản, t tính bằng tháng). Tốc độ tăng trưởng số lượng người dùng \(N'(t)\) đạt giá trị cực đại khi số lượng người dùng đạt mức nào?","25 triệu tài khoản","50 triệu tài khoản","9 triệu tài khoản","12,5 triệu tài khoản","A","Phương trình vi phân logistic: dN/dt = k N (1 - N/K) với dung lượng cực hạn K = 50 triệu.<br>Hàm bậc hai f(N) = k N (K - N) đạt cực đại tại đỉnh parabol: N = K / 2 = 50 / 2 = 25 triệu tài khoản.<br>Đây là điểm uốn của đường cong logistic hình chữ S.","official","Đề thi TSA Bách Khoa","CC BY-NC-SA 4.0","kb_toan12_01"
"q_tsa_23","TSA","Toán 12","Giải tích","Định lý Fermat tối ưu chi phí","skill_calculation;skill_reasoning","Khó","M4","120","single_choice","Một đường cáp viễn thông nối từ trạm phát A trên bờ biển thẳng đến điểm C trên một hòn đảo cách bờ 6 km. Trạm thu B trên bờ cách hình chiếu H của C một khoảng 8 km. Chi phí đặt 1 km cáp dưới nước là 50 triệu đồng, chi phí đặt trên đất liền là 30 triệu đồng. Vị trí tiếp bờ P (nằm giữa H và B) cách H một khoảng x bằng bao nhiêu để tổng chi phí nhỏ nhất?","4,5 km","4,0 km","3,5 km","5,0 km","A","Khoảng cách dưới nước: PC = √(6² + x²) = √(36 + x²).<br>Khoảng cách trên cạn: PB = 8 - x.<br>Hàm chi phí: C(x) = 50√(36 + x²) + 30(8 - x).<br>C'(x) = 50x / √(36 + x²) - 30 = 0 ⇔ 5x / √(36 + x²) = 3 ⇔ 25x² = 9(36 + x²) ⇔ 16x² = 324 ⇔ x = 18/4 = 4,5 km.","official","Đề thi TSA Bách Khoa","CC BY-NC-SA 4.0","kb_toan12_01"
"q_tsa_24","TSA","Toán 12","Hình học","Đa diện đều không gian","skill_spatial;skill_reasoning","Dễ","M2","60","single_choice","Một chùm vệ tinh định vị gồm 4 vệ tinh bay theo quỹ đạo tròn đồng quy tại tâm Trái Đất. Khoảng cách giữa 2 vệ tinh bất kỳ luôn bằng nhau. Vị trí 4 vệ tinh tạo thành 4 đỉnh của một khối đa diện đều nào?","Tứ diện đều","Hình lập phương","Bát diện đều","Mười hai mặt đều","A","Khối đa diện có 4 đỉnh cách đều nhau đôi một và cùng nội tiếp một mặt cầu duy nhất là tứ diện đều (Regular Tetrahedron).","official","Đề thi TSA Bách Khoa","CC BY-NC-SA 4.0","kb_toan12_04"
"q_tsa_25","TSA","Toán 12","Đại số","Hàm truyền đạt tín hiệu","skill_calculation;skill_reasoning","Dễ","M2","60","single_choice","Một bộ lọc thông dải điện tử có hàm truyền đạt \(H(\omega) = \frac{1}{\sqrt{1 + \omega^4}}\). Băng thông \(\omega_c\) tại điểm công suất giảm một nửa thỏa mãn \(|H(\omega_c)|^2 = 1/2\). Giá trị của \(\omega_c\) bằng:","1 rad/s","√2 rad/s","2 rad/s","1/√2 rad/s","A","Ta có: |H(ω)|² = 1 / (1 + ω⁴) = 1/2 ⇔ 1 + ω⁴ = 2 ⇔ ω⁴ = 1 ⇔ ω = 1 (vì tần số góc ω > 0).","official","Đề thi TSA Bách Khoa","CC BY-NC-SA 4.0","kb_dstt_02"
"q_tsa_26","TSA","Toán 12","Thống kê","Hồi quy tuyến tính bình phương bé nhất","skill_probability;skill_data_analysis","Khó","M4","120","single_choice","Bảng dữ liệu đo lực căng T (Newton) theo độ giãn x (cm) của một sợi dây cao su như sau: (1; 2.1), (2; 4.0), (3; 5.9), (4; 8.1). Hệ số góc hồi quy tuyến tính \(T = ax + b\) tính theo phương pháp bình phương bé nhất gần nhất với giá trị nào?","2,00","1,95","2,05","2,10","A","x̄ = (1+2+3+4)/4 = 2,5. T̄ = (2,1 + 4,0 + 5,9 + 8,1)/4 = 20,1/4 = 5,025.<br>∑(x - x̄)² = (-1,5)² + (-0,5)² + 0,5² + 1,5² = 2,25 + 0,25 + 0,25 + 2,25 = 5.<br>∑(x - x̄)(T - T̄) = (-1,5)(-2,925) + (-0,5)(-1,025) + 0,5(0,875) + 1,5(3,075) = 4,3875 + 0,5125 + 0,4375 + 4,6125 = 9,95.<br>a = 9,95 / 5 = 1,99 ≈ 2,00.","official","Đề thi TSA Bách Khoa","CC BY-NC-SA 4.0","kb_toan10_05"
"q_tsa_27","TSA","Toán 12","Giải tích","Tích phân dòng chảy","skill_calculation;skill_reasoning","Trung bình","M3","90","single_choice","Một hồ chứa nước có lưu lượng dòng chảy vào là \(Q_{\text{in}}(t) = 30 + 10\sin(\pi t / 12)\) (m³/h) và lưu lượng thoát là hằng số \(Q_{\text{out}} = 30\) (m³/h), với t tính bằng giờ kể từ 0h. Trong khoảng thời gian từ 0h đến 12h, lượng nước trong hồ tăng thêm bao nhiêu m³?","\(240/\pi\text{ m}^3\)","\(120/\pi\text{ m}^3\)","\(60\pi\text{ m}^3\)","\(120\pi\text{ m}^3\)","A","Lượng nước biến thiên: ΔV = ∫₀¹² (Q_in - Q_out) dt = ∫₀¹² 10 sin(πt / 12) dt = 10 [-12/π cos(πt / 12)]₀¹² = -(120/π)[cos π - cos 0] = -(120/π)(-1 - 1) = 240/π m³ ≈ 76,4 m³.","official","Đề thi TSA Bách Khoa","CC BY-NC-SA 4.0","kb_toan12_03"
"q_tsa_28","TSA","Toán 12","Đại số","Giá trị riêng & Viète","skill_calculation;skill_reasoning","Dễ","M2","60","single_choice","Một ma trận \(A\) cấp 2 có \(\det(A) = 6\) và vết \(\text{tr}(A) = 5\). Hai giá trị riêng của ma trận \(A\) là:","\(\lambda_1 = 2, \lambda_2 = 3\)","\(\lambda_1 = 1, \lambda_2 = 6\)","\(\lambda_1 = -1, \lambda_2 = 6\)","\(\lambda_1 = 2, \lambda_2 = 4\)","A","Tổng các giá trị riêng bằng vết: λ₁ + λ₂ = 5.<br>Tích các giá trị riêng bằng định thức: λ₁ · λ₂ = 6.<br>Theo định lý Viète, λ là nghiệm của phương trình λ² - 5λ + 6 = 0 ⇔ λ₁ = 2, λ₂ = 3.","adapted","Toán Cao Cấp ĐHBK","CC BY-NC-SA 4.0","kb_dstt_04"
"q_tsa_29","TSA","Toán 12","Xác suất","Phân phối xác suất hàm mũ","skill_probability;skill_reasoning;skill_data_analysis","Dễ","M2","60","single_choice","Xác suất để một thiết bị điện tử hoạt động liên tục quá t giờ tuân theo phân phối mũ: \(P(T > t) = e^{-0,002t}\) (t ≥ 0). Thời gian hoạt động trung bình (tuổi thọ kỳ vọng) của thiết bị này là:","500 giờ","200 giờ","1000 giờ","250 giờ","A","Với phân phối hàm mũ có tham số λ = 0,002 (h⁻¹), kỳ vọng E(T) = 1/λ = 1 / 0,002 = 500 giờ.","official","Đề thi TSA Bách Khoa","CC BY-NC-SA 4.0","kb_toan12_05"
"q_tsa_30","TSA","Toán 12","Xác suất","Bài toán đường đi lưới ô vuông","skill_probability;skill_reasoning;skill_data_analysis","Khó","M4","120","single_choice","Một robot thám hiểm di chuyển trên mặt phẳng từ tọa độ \(O(0, 0)\). Mỗi bước robot chỉ có thể di chuyển lên trên 1 đơn vị \((x, y+1)\) hoặc sang phải 1 đơn vị \((x+1, y)\). Hỏi có bao nhiêu lộ trình khác nhau để robot đi đến điểm \(K(5, 4)\) mà không đi qua điểm chướng ngại vật \(M(2, 2)\)?","66 lộ trình","126 lộ trình","60 lộ trình","76 lộ trình","A","Tổng lộ trình: C₉⁴ = 126.<br>Lộ trình qua M(2,2): C₄² · C₅² = 6 · 10 = 60.<br>Số lộ trình không qua chướng ngại vật: 126 - 60 = 66 lộ trình.","official","Đề thi TSA Bách Khoa","CC BY-NC-SA 4.0","kb_toan10_05"
"q_tsa_tf_01","TSA","Toán 12","Giải tích","Khảo sát hàm bậc ba toàn diện","skill_calculation;skill_reasoning","Trung bình","M3","130","true_false_group","Cho hàm số \(f(x) = x^3 - 3x^2 + 2\). Xét tính đúng sai của các mệnh đề sau:","","","","","a:T; b:F; c:T; d:T","a) Đúng: f'(x) = 3x² - 6x = 3x(x - 2) > 0 khi x < 0 hoặc x > 2.<br>b) Sai: f'(x) đổi dấu từ âm sang dương tại x = 2, f(2) = -2, nên điểm cực tiểu là (2; -2).<br>c) Đúng: Điểm uốn f''(x) = 6x - 6 = 0 ⇔ x = 1. Hệ số góc tiếp tuyến k = f'(1) = 3(1) - 6(1) = -3.<br>d) Đúng: y_CĐ · y_CT = f(0) · f(2) = 2 · (-2) = -4 < 0, do đó đồ thị cắt Ox tại 3 điểm phân biệt.","official","Cấu trúc đề thi mới Bộ GD&ĐT","CC BY-NC-SA 4.0","kb_toan12_01"
"q_tsa_sa_01","TSA","Toán 12","Hình học","Thể tích khối chóp","skill_spatial;skill_reasoning","Dễ","M2","60","short_answer","Một khối bê tông có dạng hình chóp tứ giác đều với cạnh đáy bằng \(4\text{ m}\) và chiều cao bằng \(6\text{ m}\). Tính thể tích của khối bê tông đó (theo đơn vị \(\text{m}^3\)).","","","","","32","Thể tích khối chóp: \(V = \frac{1}{3} S_{\text{đáy}} \cdot h = \frac{1}{3} \cdot 4^2 \cdot 6 = \frac{1}{3} \cdot 16 \cdot 6 = 32\text{ m}^3\).","official","Đề thi TSA Bách Khoa","CC BY-NC-SA 4.0","kb_toan12_04"
"q_tsa_step_01","TSA","Toán 12","Giải tích","Tự luận chấm điểm theo barem","skill_calculation;skill_reasoning","Trung bình","M3","150","step_solution","Giải bài toán tối ưu hóa diện tích: Cho một sợi dây thép dài \(L = 20\text{ m}\). Cần uốn sợi dây này thành một hình chữ nhật có diện tích lớn nhất. Hãy trình bày lời giải và tìm diện tích lớn nhất đó.","","","","","","","official","Đề thi TSA Bách Khoa","CC BY-NC-SA 4.0","kb_toan12_01"
"q_hsa_01","HSA","Toán 12","Đại số","Cấp số nhân","skill_calculation;skill_reasoning","Dễ","M2","60","single_choice","Cho cấp số nhân \((u_n)\) có số hạng đầu \(u_1 = 3\) và công bội \(q = 2\). Giá trị của số hạng thứ 8 là:","192","384","768","256","B","Số hạng tổng quát: \(u_8 = u_1 \cdot q^7 = 3 \cdot 2^7 = 3 \cdot 128 = 384\).","official","Đề thi ĐGNL ĐHQGHN","CC BY-NC-SA 4.0","kb_toan11_02"
"q_hsa_02","HSA","Toán 12","Xác suất","Biến cố đối","skill_probability;skill_reasoning;skill_data_analysis","Dễ","M2","60","single_choice","Một hộp chứa 6 quả cầu đỏ và 4 quả cầu xanh. Lấy ngẫu nhiên đồng thời 3 quả cầu. Xác suất để lấy được ít nhất 1 quả cầu đỏ là:","\(\frac{29}{30}\)","\(\frac{1}{30}\)","\(\frac{5}{6}\)","\(\frac{4}{5}\)","A","Xác suất biến cố đối (cả 3 quả đều xanh): \(P(\bar{A}) = \frac{C_4^3}{C_{10}^3} = \frac{4}{120} = \frac{1}{30}\). Do đó xác suất cần tìm là \(1 - 1/30 = 29/30\).","official","Đề thi ĐGNL ĐHQGHN","CC BY-NC-SA 4.0","kb_toan10_05"
"q_hsa_03","HSA","Toán 12","Đại số","Phương trình Logarit","skill_calculation;skill_reasoning","Dễ","M2","60","single_choice","Nghiệm của phương trình \(\log_2(x - 1) + \log_2(x + 1) = 3\) là:","\(x = \pm 3\)","\(x = 3\)","\(x = \sqrt{10}\)","\(x = 4\)","B","Điều kiện \(x > 1\). Phương trình trở thành \(x^2 - 1 = 8 \iff x^2 = 9 \implies x = 3\).","official","Đề thi ĐGNL ĐHQGHN","CC BY-NC-SA 4.0","kb_toan12_02"
"q_hsa_04","HSA","Toán 12","Hình học","Thể tích khối chóp","skill_spatial;skill_reasoning","Trung bình","M3","90","single_choice","Cho hình chóp \(S.ABC\) có đáy \(ABC\) là tam giác vuông cân tại \(B\), cạnh \(AB = a\). Cạnh bên \(SA\) vuông góc với mặt phẳng đáy và \(SA = a\sqrt{2}\). Thể tích của khối chóp \(S.ABC\) bằng:","\(\frac{a^3\sqrt{2}}{6}\)","\(\frac{a^3\sqrt{2}}{2}\)","\(\frac{a^3\sqrt{2}}{3}\)","\(\frac{a^3}{6}\)","A","Thể tích: \(V = \frac{1}{3} S_{ABC} \cdot SA = \frac{1}{3} \cdot \frac{a^2}{2} \cdot a\sqrt{2} = \frac{a^3\sqrt{2}}{6}\).","official","Đề thi ĐGNL ĐHQGHN","CC BY-NC-SA 4.0","kb_toan12_04"
"q_hsa_05","HSA","Toán 12","Đại số","Cấp số cộng","skill_calculation;skill_reasoning","Dễ","M2","60","single_choice","Một cấp số cộng \((u_n)\) có số hạng đầu \(u_1 = -2\) và công sai \(d = 5\). Số hạng thứ 20 của cấp số cộng là:","93","98","103","88","A","Công thức số hạng tổng quát: \(u_n = u_1 + (n-1)d\). Với \(n = 20\): \(u_{20} = -2 + 19 \cdot 5 = -2 + 95 = 93\).","official","Đề thi ĐGNL ĐHQGHN","CC BY-NC-SA 4.0","kb_toan11_02"
"q_hsa_06","HSA","Toán 12","Đại số","Cực trị lượng giác","skill_calculation;skill_reasoning","Dễ","M2","60","single_choice","Giá trị lớn nhất của hàm số lượng giác \(y = 2\sin x + 3\cos x\) là:","5","\(\sqrt{13}\)","\(\sqrt{5}\)","13","B","Theo bất đẳng thức Cauchy-Schwarz: \((2\sin x + 3\cos x)^2 \le (2^2 + 3^2)(\sin^2 x + \cos^2 x) = 13 \cdot 1 = 13\). Vậy giá trị lớn nhất là \(\sqrt{13}\).","official","Đề thi ĐGNL ĐHQGHN","CC BY-NC-SA 4.0","kb_toan11_01"
"q_hsa_07","HSA","Toán 12","Đại số","Toán tài chính & Lãi kép","skill_calculation;skill_reasoning","Dễ","M2","60","single_choice","Bác An gửi tiết kiệm 100 triệu đồng vào ngân hàng với lãi suất kép 6%/năm. Hỏi sau 3 năm, số tiền cả gốc và lãi bác An nhận được là bao nhiêu (làm tròn đến triệu đồng)?","118 triệu","119 triệu","120 triệu","121 triệu","B","Công thức lãi kép: \(A = P(1 + r)^n = 100(1 + 0,06)^3 = 100(1,191016) \approx 119,1\) triệu đồng.","official","Đề thi ĐGNL ĐHQGHN","CC BY-NC-SA 4.0","kb_toan11_02"
"q_hsa_08","HSA","Toán 12","Đại số","Phương trình lượng giác","skill_calculation;skill_reasoning","Trung bình","M3","90","single_choice","Số nghiệm của phương trình lượng giác \(\cos 2x - 3\cos x + 2 = 0\) trên đoạn \([0, 2\pi]\) là:","2","3","4","1","C","Biến đổi: \(2\cos^2 x - 1 - 3\cos x + 2 = 0 \iff 2\cos^2 x - 3\cos x + 1 = 0\). Nghiệm \(\cos x = 1\) (ra nghiệm \(x = 0, x = 2\pi\)) hoặc \(\cos x = 1/2\) (ra \(x = \pi/3, x = 5\pi/3\)). Trên \([0, 2\pi]\) có đúng 4 nghiệm phân biệt.","official","Đề thi ĐGNL ĐHQGHN","CC BY-NC-SA 4.0","kb_toan11_01"
"q_hsa_09","HSA","Toán 12","Hình học","Thể tích lăng trụ","skill_spatial;skill_reasoning","Dễ","M2","60","single_choice","Thể tích của khối lăng trụ đứng tam giác đều có tất cả các cạnh đều bằng \(a\) là:","\(\frac{a^3\sqrt{3}}{4}\)","\(\frac{a^3\sqrt{3}}{12}\)","\(\frac{a^3}{4}\)","\(\frac{a^3\sqrt{3}}{2}\)","A","Diện tích đáy tam giác đều: \(S = \frac{a^2\sqrt{3}}{4}\). Chiều cao lăng trụ bằng \(a\). Thể tích: \(V = S \cdot h = \frac{a^3\sqrt{3}}{4}\).","official","Đề thi ĐGNL ĐHQGHN","CC BY-NC-SA 4.0","kb_toan12_04"
"q_hsa_10","HSA","Toán 12","Xác suất","Chỉnh hợp & Tổ hợp","skill_probability;skill_reasoning;skill_data_analysis","Dễ","M2","60","single_choice","Từ một nhóm gồm 10 học sinh, có bao nhiêu cách bầu chọn một ban cán sự lớp gồm 1 lớp trưởng, 1 lớp phó học tập và 1 lớp phó đời sống (mỗi người giữ đúng 1 chức vụ)?","720","120","240","504","A","Chọn và xếp chức vụ 3 người từ 10 người là chỉnh hợp chập 3 của 10: \(A_{10}^3 = 10 \cdot 9 \cdot 8 = 720\) cách.","official","Đề thi ĐGNL ĐHQGHN","CC BY-NC-SA 4.0","kb_toan10_05"
"q_hsa_11","HSA","Toán 12","Đại số","Bất phương trình mũ","skill_calculation;skill_reasoning","Trung bình","M3","90","single_choice","Tập nghiệm của bất phương trình mũ \(2^{2x} - 5 \cdot 2^x + 4 \le 0\) là đoạn \([a, b]\). Giá trị của biểu thức \(P = b - a\) bằng:","1","2","3","4","B","Đặt \(t = 2^x > 0\), bất phương trình trở thành \(t^2 - 5t + 4 \le 0 \iff 1 \le t \le 4\). Suy ra \(1 \le 2^x \le 4 \iff 0 \le x \le 2\). Vậy đoạn nghiệm là \([0, 2]\), hiệu \(b - a = 2 - 0 = 2\).","official","Đề thi ĐGNL ĐHQGHN","CC BY-NC-SA 4.0","kb_toan12_02"
"q_hsa_12","HSA","Toán 12","Hình học","Khoảng cách điểm đến mặt phẳng","skill_spatial;skill_reasoning","Dễ","M2","60","single_choice","Trong không gian \(Oxyz\), khoảng cách từ điểm \(M(1, 2, -3)\) đến mặt phẳng \((P): 2x - 2y + z + 11 = 0\) bằng:","2","3","4","1","A","Áp dụng công thức khoảng cách: \(d = \frac{|2(1) - 2(2) + (-3) + 11|}{\sqrt{2^2 + (-2)^2 + 1^2}} = \frac{|2 - 4 - 3 + 11|}{\sqrt{9}} = \frac{6}{3} = 2\).","official","Đề thi ĐGNL ĐHQGHN","CC BY-NC-SA 4.0","kb_toan12_04"
"q_hsa_13","HSA","Toán 12","Hình học","Hình nón & Tròn xoay","skill_spatial;skill_reasoning","Trung bình","M3","90","single_choice","Một người thợ kim hoàn có một tấm vàng mỏng hình tròn bán kính \(R = 6\text{ cm}\). Người đó cắt bỏ một hình quạt tròn góc ở tâm \(120^\circ\) rồi uốn phần còn lại thành một chiếc phễu hình nón. Bán kính đáy \(r\) của chiếc phễu đó bằng:","4 cm","2 cm","3 cm","4,5 cm","A","Độ dài cung tròn còn lại góc 240° (4π/3 rad) là C = R · θ = 6 · (4π/3) = 8π cm.<br>Chu vi đáy hình nón là 2πr = 8π => r = 4 cm.","official","Đề thi ĐGNL ĐHQGHN","CC BY-NC-SA 4.0","kb_toan12_04"
"q_hsa_14","HSA","Toán 12","Thống kê","Trung vị mẫu số liệu ghép nhóm","skill_probability;skill_data_analysis","Dễ","M2","60","single_choice","Cho bảng số liệu ghép nhóm về điểm kiểm tra môn Toán của 40 học sinh: nhóm [5; 7) có 8 học sinh, nhóm [7; 8) có 18 học sinh, nhóm [8; 9) có 10 học sinh, nhóm [9; 10] có 4 học sinh. Tứ phân vị thứ hai (trung vị) của mẫu số liệu ghép nhóm thuộc nhóm nào?","[7; 8)","[8; 9)","[5; 7)","[9; 10]","A","Cỡ mẫu n = 40. Vị trí trung vị n/2 = 20. Tần số tích lũy: nhóm 1 là 8; nhóm 2 là 8 + 18 = 26 ≥ 20. Do đó trung vị Me thuộc nhóm [7; 8).","official","Đề thi ĐGNL ĐHQGHN","CC BY-NC-SA 4.0","kb_toan12_05"
"q_hsa_15","HSA","Toán 12","Giải tích","Tích phân từng phần","skill_calculation;skill_reasoning","Trung bình","M3","90","single_choice","Biết rằng \(\int_0^1 (2x + 3)e^x dx = a \cdot e + b\) với \(a, b\) là các số nguyên. Giá trị của \(a + b\) bằng:","2","3","4","1","A","I = [(2x + 1)e^x]₀¹ = 3e - 1 => a = 3, b = -1 => a + b = 2.","official","Đề thi ĐGNL ĐHQGHN","CC BY-NC-SA 4.0","kb_toan12_03"
"q_hsa_16","HSA","Toán 12","Giải tích","Đồ thị hàm phân thức bậc nhất","skill_calculation;skill_reasoning","Trung bình","M3","90","single_choice","Cho hàm số \(y = \frac{ax + b}{cx + d}\) có đồ thị đi qua \(A(0, -1)\) và có hai đường tiệm cận \(x = 1, y = 2\). Giá trị biểu thức \(T = a + b + c + d\) khi chọn \(c = 1\) là:","3","0","1","2","A","Tiệm cận đứng x = 1 => d = -1. Tiệm cận ngang y = 2 => a = 2. Qua (0, -1) => b/(-1) = -1 => b = 1. T = 2 + 1 + 1 - 1 = 3.","official","Đề thi ĐGNL ĐHQGHN","CC BY-NC-SA 4.0","kb_toan12_01"
"q_hsa_17","HSA","Toán 12","Giải tích","Tích phân trong chuyển động","skill_calculation;skill_reasoning","Dễ","M2","60","single_choice","Một người chạy bộ trên một đoạn đường thẳng với vận tốc biến thiên theo thời gian \(v(t) = 6t - t^2\) (m/s) trong khoảng thời gian từ \(t = 0\) đến khi vận tốc giảm về 0. Quãng đường người đó chạy được là:","36 m","18 m","24 m","54 m","A","Vận tốc giảm về 0 khi: 6t - t² = 0 ⇔ t = 6 giây.<br>Quãng đường s = ∫₀⁶ (6t - t²) dt = [3t² - t³/3]₀⁶ = 3(36) - 216/3 = 108 - 72 = 36 m.","official","Đề thi ĐGNL ĐHQGHN","CC BY-NC-SA 4.0","kb_toan12_03"
"q_hsa_18","HSA","Toán 12","Giải tích","Bất đẳng thức AM-GM","skill_calculation;skill_reasoning","Dễ","M2","60","single_choice","Tìm giá trị nhỏ nhất của hàm số \(f(x) = x + \frac{4}{x - 1}\) trên khoảng \((1; +\infty)\).","5","4","3","6","A","Biến đổi: f(x) = (x - 1) + 4/(x - 1) + 1.<br>Vì x > 1, áp dụng AM-GM cho 2 số dương (x - 1) và 4/(x - 1):<br>(x - 1) + 4/(x - 1) ≥ 2√[(x - 1) · 4/(x - 1)] = 2√4 = 4.<br>Do đó f(x) ≥ 4 + 1 = 5. Dấu '=' xảy ra khi (x - 1)² = 4 ⇔ x - 1 = 2 ⇔ x = 3.","official","Đề thi ĐGNL ĐHQGHN","CC BY-NC-SA 4.0","kb_toan12_01"
"q_hsa_19","HSA","Toán 12","Hình học","Mặt cầu tiếp xúc mặt phẳng tọa độ","skill_spatial;skill_reasoning","Dễ","M2","60","single_choice","Trong không gian Oxyz, phương trình mặt cầu có tâm \(I(2, -1, 3)\) và tiếp xúc với mặt phẳng \((Oxy)\) là:","\((x-2)^2 + (y+1)^2 + (z-3)^2 = 9\)","\((x-2)^2 + (y+1)^2 + (z-3)^2 = 4\)","\((x-2)^2 + (y+1)^2 + (z-3)^2 = 1\)","\((x-2)^2 + (y+1)^2 + (z-3)^2 = 14\)","A","Khoảng cách từ tâm I(2, -1, 3) đến mặt phẳng (Oxy): z = 0 là R = |z_I| = |3| = 3.<br>Bán kính R = 3 => R² = 9.<br>Phương trình mặt cầu: (x-2)² + (y+1)² + (z-3)² = 9.","official","Đề thi ĐGNL ĐHQGHN","CC BY-NC-SA 4.0","kb_toan12_04"
"q_hsa_20","HSA","Toán 12","Xác suất","Xác suất cổ điển xúc xắc","skill_probability;skill_reasoning;skill_data_analysis","Dễ","M2","60","single_choice","Gieo đồng thời hai con xúc xắc cân đối đồng chất. Xác suất để tổng số chấm xuất hiện trên hai mặt bằng 8 là:","\(\frac{5}{36}\)","\(\frac{1}{6}\)","\(\frac{1}{9}\)","\(\frac{7}{36}\)","A","Không gian mẫu: n(Ω) = 6 × 6 = 36.<br>Các cặp có tổng bằng 8: (2,6), (3,5), (4,4), (5,3), (6,2) gồm 5 trường hợp.<br>Xác suất: P = 5/36.","official","Đề thi ĐGNL ĐHQGHN","CC BY-NC-SA 4.0","kb_toan10_05"
"q_hsa_21","HSA","Toán 12","Giải tích","Khảo sát tiệm cận đứng","skill_calculation;skill_reasoning","Dễ","M2","60","single_choice","Số đường tiệm cận đứng của đồ thị hàm số \(y = \frac{x - 2}{x^2 - 4}\) là:","1","2","0","3","A","Mẫu số x² - 4 = 0 ⇔ x = 2 hoặc x = -2.<br>Tại x = 2: lim_{x→2} (x - 2)/[(x-2)(x+2)] = lim 1/(x+2) = 1/4 (hữu hạn, không phải tiệm cận đứng).<br>Tại x = -2: lim_{x→-2} 1/(x+2) = ∞ (là tiệm cận đứng duy nhất x = -2). Vậy có 1 đường tiệm cận đứng.","official","Đề thi ĐGNL ĐHQGHN","CC BY-NC-SA 4.0","kb_toan12_01"
"q_hsa_22","HSA","Toán 12","Hình học","Thể tích lăng trụ đứng","skill_spatial;skill_reasoning","Dễ","M2","60","single_choice","Cho hình lăng trụ đứng \(ABC.A'B'C'\) có đáy \(ABC\) là tam giác vuông tại \(A\), \(AB = 3, AC = 4\), chiều cao \(AA' = 5\). Thể tích khối lăng trụ đó bằng:","30","60","20","15","A","Diện tích đáy tam giác vuông: S = (1/2) · 3 · 4 = 6.<br>Thể tích lăng trụ: V = S · h = 6 · 5 = 30.","official","Đề thi ĐGNL ĐHQGHN","CC BY-NC-SA 4.0","kb_toan12_04"
"q_hsa_tf_01","HSA","Toán 12","Xác suất","Xác suất cổ điển & Tổ hợp","skill_probability;skill_reasoning;skill_data_analysis","Dễ","M2","100","true_false_group","Một hộp kín chứa 5 quả cầu màu đỏ và 4 quả cầu màu xanh có cùng kích thước. Lấy ngẫu nhiên đồng thời 3 quả cầu từ hộp. Xét tính đúng / sai của các khẳng định sau:","","","","","a:T; b:T; c:F; d:T","a) Đúng: \(n(\Omega) = C_9^3 = \frac{9 \cdot 8 \cdot 7}{6} = 84\).<br>b) Đúng: Số cách chọn 3 quả đỏ là \(C_5^3 = 10\). Xác suất \(P = 10/84 = 5/42\).<br>c) Sai: Số cách chọn 3 quả cùng màu là \(C_5^3 + C_4^3 = 10 + 4 = 14\). Do đó số cách chọn có cả 2 màu là \(84 - 14 = 70\) cách (không phải 50).<br>d) Đúng: Số cách lấy 2 đỏ, 1 xanh là \(C_5^2 \cdot C_4^1 = 10 \cdot 4 = 40\). Xác suất \(P = 40/84 = 10/21\).","official","Đề thi ĐGNL ĐHQGHN","CC BY-NC-SA 4.0","kb_toan10_05"
"q_hsa_sa_01","HSA","Toán 12","Đại số","Cực trị trái dấu","skill_calculation;skill_reasoning","Trung bình","M3","90","short_answer","Có bao nhiêu giá trị nguyên của tham số \(m\) thuộc đoạn \([-5; 5]\) để hàm số \(y = x^3 - 3mx^2 + 3(m^2 - 1)x\) có hai điểm cực trị nằm về hai phía của trục tung?","","","","","1","Hàm số có hai cực trị nằm về hai phía trục tung khi và chỉ khi phương trình y' = 0 có hai nghiệm trái dấu: x₁ · x₂ < 0.<br>y' = 3x² - 6mx + 3(m² - 1) = 0 ⇔ x² - 2mx + (m² - 1) = 0.<br>Hai nghiệm trái dấu ⇔ a · c < 1 · (m² - 1) < 0 ⇔ -1 < m < 1.<br>Vì m nguyên nên m = 0 (đúng 1 giá trị).","official","Đề thi ĐGNL ĐHQGHN","CC BY-NC-SA 4.0","kb_toan12_01"
"q_thpt_01","THPT","Toán 12","Giải tích","Khảo sát hàm số","skill_calculation;skill_reasoning","Dễ","M2","60","single_choice","Số điểm cực trị của hàm số trùng phương \(f(x) = x^4 - 4x^2 + 3\) là:","1","2","3","4","C","Đạo hàm: \(f'(x) = 4x(x^2 - 2) = 0 \iff x = 0, x = \pm\sqrt{2}\). Đạo hàm đổi dấu 3 lần qua các nghiệm đơn nên hàm số có 3 điểm cực trị.","adapted","Đề thi Tốt nghiệp THPT","CC BY-NC-SA 4.0","kb_toan12_01"
"q_thpt_02","THPT","Toán 12","Đại số","Số phức","skill_calculation;skill_reasoning","Dễ","M2","60","single_choice","Cho số phức \(z\) thỏa mãn \((1 + 2i)z = 3 - 4i\). Môđun của số phức \(z\) bằng:","5","\(\sqrt{5}\)","\(\sqrt{3}\)","2","B","\(|z| = \frac{|3 - 4i|}{|1 + 2i|} = \frac{5}{\sqrt{5}} = \sqrt{5}\).","adapted","Đề thi Tốt nghiệp THPT","CC BY-NC-SA 4.0","kb_toan12_02"
"q_thpt_03","THPT","Toán 12","Hình học","Mặt cầu Oxyz","skill_spatial;skill_reasoning","Dễ","M2","60","single_choice","Trong không gian \(Oxyz\), cho mặt cầu \((S): (x - 1)^2 + (y + 2)^2 + (z - 3)^2 = 25\). Tọa độ tâm \(I\) và bán kính \(R\) của mặt cầu \((S)\) là:","\(I(1, -2, 3), R = 5\)","\(I(-1, 2, -3), R = 5\)","\(I(1, -2, 3), R = 25\)","\(I(-1, 2, -3), R = 25\)","A","Phương trình mặt cầu chính tắc: tâm \(I(1, -2, 3)\) và bán kính \(R = \sqrt{25} = 5\).","adapted","Đề thi Tốt nghiệp THPT","CC BY-NC-SA 4.0","kb_toan12_04"
"q_thpt_04","THPT","Toán 12","Giải tích","Tích phân từng phần","skill_calculation;skill_reasoning","Dễ","M2","60","single_choice","Họ nguyên hàm của hàm số \(f(x) = x \cdot e^x\) là:","\((x - 1)e^x + C\)","\((x + 1)e^x + C\)","\(x e^x - e^x\)","\(\frac{x^2}{2}e^x + C\)","A","Tích phân từng phần: \(u = x, dv = e^x dx \implies \int x e^x dx = x e^x - e^x + C = (x - 1)e^x + C\).","adapted","Đề thi Tốt nghiệp THPT","CC BY-NC-SA 4.0","kb_toan12_03"
"q_thpt_05","THPT","Toán 12","Giải tích","Đường tiệm cận","skill_calculation;skill_reasoning","Dễ","M2","60","single_choice","Tiệm cận đứng và tiệm cận ngang của đồ thị hàm số \(y = \frac{2x - 1}{x + 1}\) lần lượt là:","\(x = -1\) và \(y = 2\)","\(x = 1\) và \(y = 2\)","\(x = -1\) và \(y = -1\)","\(x = 2\) và \(y = -1\)","A","Nghiệm của mẫu số là \(x = -1\) (tiệm cận đứng). Bậc tử bằng bậc mẫu, tỉ số hệ số là \(2/1 = 2\) nên \(y = 2\) (tiệm cận ngang).","adapted","Đề thi Tốt nghiệp THPT","CC BY-NC-SA 4.0","kb_toan12_01"
"q_thpt_06","THPT","Toán 12","Giải tích","Ứng dụng hình phẳng tích phân","skill_calculation;skill_reasoning","Dễ","M2","60","single_choice","Diện tích hình phẳng giới hạn bởi parabol \(y = x^2\) và đường thẳng \(y = 2x\) là:","\(\frac{4}{3}\)","\(\frac{2}{3}\)","\(\frac{8}{3}\)","2","A","Phương trình hoành độ giao điểm: \(x^2 - 2x = 0 \iff x = 0\) hoặc \(x = 2\).<br>Diện tích: \(S = \int_0^2 (2x - x^2)dx = \left[ x^2 - \frac{x^3}{3} \right]_0^2 = 4 - \frac{8}{3} = \frac{4}{3}\).","adapted","Đề thi Tốt nghiệp THPT","CC BY-NC-SA 4.0","kb_toan12_03"
"q_thpt_07","THPT","Toán 12","Đại số","Bất phương trình logarit","skill_calculation;skill_reasoning","Trung bình","M3","90","single_choice","Tập nghiệm của bất phương trình \(\log_{0,5}(2x - 3) \ge -1\) là:","\((\frac{3}{2}; \frac{5}{2}]\)","\([\frac{3}{2}; \frac{5}{2}]\)","\((\frac{3}{2}; +\infty)\)","\((-\infty; \frac{5}{2}]\)","A","Điều kiện xác định: \(2x - 3 > 0 \iff x > 3/2\).<br>Vì cơ số \(0,5 < 1\) nên bất phương trình đổi chiều: \(2x - 3 \le (0,5)^{-1} = 2 \iff 2x \le 5 \iff x \le 5/2\). Kết hợp điều kiện ta có \(x \in (3/2; 5/2]\).","adapted","Đề thi Tốt nghiệp THPT","CC BY-NC-SA 4.0","kb_toan12_02"
"q_thpt_08","THPT","Toán 12","Hình học","Đường thẳng Oxyz","skill_spatial;skill_reasoning","Dễ","M2","60","single_choice","Trong không gian \(Oxyz\), phương trình đường thẳng \(d\) đi qua \(A(1, 2, -1)\) và vuông góc với mặt phẳng \((P): 2x - y + 3z - 5 = 0\) là:","\(\frac{x - 1}{2} = \frac{y - 2}{-1} = \frac{z + 1}{3}\)","\(\frac{x + 1}{2} = \frac{y + 2}{-1} = \frac{z - 1}{3}\)","\(\frac{x - 1}{2} = \frac{y - 2}{1} = \frac{z + 1}{3}\)","\(\frac{x - 1}{1} = \frac{y - 2}{2} = \frac{z + 1}{-1}\)","A","Đường thẳng vuông góc với mặt phẳng \((P)\) nhận vectơ pháp tuyến \(\vec{n} = (2, -1, 3)\) làm vectơ chỉ phương. Phương trình chính tắc đi qua \(A(1, 2, -1)\) là \(\frac{x - 1}{2} = \frac{y - 2}{-1} = \frac{z + 1}{3}\).","adapted","Đề thi Tốt nghiệp THPT","CC BY-NC-SA 4.0","kb_toan12_04"
"q_thpt_09","THPT","Toán 12","Giải tích","Cực trị hàm số","skill_calculation;skill_reasoning","Trung bình","M3","90","single_choice","Cho hàm số \(y = f(x)\) có đạo hàm \(f'(x) = x(x-1)^2(x+3)\). Số điểm cực tiểu của hàm số là:","1","2","3","0","A","f'(x) = 0 có các nghiệm: x = -3 (nghiệm đơn), x = 0 (nghiệm đơn), x = 1 (nghiệm kép).<br>Bảng xét dấu: x < -3: f' > 0; -3 < x < 0: f' < 0; 0 < x < 1: f' > 0; x > 1: f' > 0.<br>Đạo hàm đổi dấu từ âm sang dương tại x = 0 duy nhất => có đúng 1 điểm cực tiểu.","adapted","Đề thi Tốt nghiệp THPT","CC BY-NC-SA 4.0","kb_toan12_01"
"q_thpt_10","THPT","Toán 12","Giải tích","GTLN GTNN trên đoạn","skill_calculation;skill_reasoning","Dễ","M2","60","single_choice","Giá trị lớn nhất của hàm số \(f(x) = x^3 - 3x + 2\) trên đoạn \([-2; 2]\) bằng:","4","2","0","6","A","f'(x) = 3x² - 3 = 0 ⇔ x = ±1.<br>Tính giá trị tại các điểm và 2 đầu mút:<br>f(-2) = -8 + 6 + 2 = 0.<br>f(-1) = -1 + 3 + 2 = 4.<br>f(1) = 1 - 3 + 2 = 0.<br>f(2) = 8 - 6 + 2 = 4.<br>Giá trị lớn nhất là 4.","adapted","Đề thi Tốt nghiệp THPT","CC BY-NC-SA 4.0","kb_toan12_01"
"q_thpt_11","THPT","Toán 12","Đại số","Tập xác định hàm lũy thừa","skill_calculation;skill_reasoning","Dễ","M2","60","single_choice","Tìm tập xác định của hàm số \(y = (x^2 - 4x + 3)^{-3}\).","\(\mathbb{R} \setminus \{1; 3\}\)","\((1; 3)\)","\((-\infty; 1) \cup (3; +\infty)\)","\([1; 3]\)","A","Vì số mũ là số nguyên âm (-3), điều kiện xác định là cơ số khác 0:<br>x² - 4x + 3 ≠ 0 ⇔ x ≠ 1 và x ≠ 3. Tập xác định: D = ℝ \ {1; 3}.","adapted","Đề thi Tốt nghiệp THPT","CC BY-NC-SA 4.0","kb_toan12_02"
"q_thpt_12","THPT","Toán 12","Giải tích","Tính chất tích phân","skill_calculation;skill_reasoning","Dễ","M2","60","single_choice","Biết \(\int_0^1 f(x) dx = 3\) và \(\int_0^1 g(x) dx = -2\). Giá trị của \(\int_0^1 [2f(x) - 3g(x)] dx\) bằng:","12","0","6","10","A","Theo tính chất tuyến tính của tích phân: I = 2(3) - 3(-2) = 6 + 6 = 12.","adapted","Đề thi Tốt nghiệp THPT","CC BY-NC-SA 4.0","kb_toan12_03"
"q_thpt_13","THPT","Toán 12","Hình học","Vectơ pháp tuyến mặt phẳng","skill_spatial;skill_reasoning","Dễ","M2","60","single_choice","Trong không gian Oxyz, cho mặt phẳng \((P): x - 2y + 2z - 6 = 0\). Vectơ nào dưới đây là một vectơ pháp tuyến của (P)?","\(\vec{n} = (1, -2, 2)\)","\(\vec{n} = (1, 2, 2)\)","\(\vec{n} = (1, -2, -6)\)","\(\vec{n} = (2, -4, 2)\)","A","Các hệ số trước x, y, z trong phương trình mặt phẳng là tọa độ của vectơ pháp tuyến: n = (1, -2, 2).","adapted","Đề thi Tốt nghiệp THPT","CC BY-NC-SA 4.0","kb_toan12_04"
"q_thpt_14","THPT","Toán 12","Hình học","Diện tích xung quanh hình nón","skill_spatial;skill_reasoning","Dễ","M2","60","single_choice","Cho hình nón có bán kính đáy \(r = 3\) và chiều cao \(h = 4\). Diện tích xung quanh của hình nón đã cho bằng:","\(15\pi\)","\(12\pi\)","\(20\pi\)","\(24\pi\)","A","Độ dài đường sinh: l = √(r² + h²) = √(3² + 4²) = 5.<br>Diện tích xung quanh: S_xq = π r l = π · 3 · 5 = 15π.","adapted","Đề thi Tốt nghiệp THPT","CC BY-NC-SA 4.0","kb_toan12_04"
"q_thpt_15","THPT","Toán 12","Xác suất","Quy tắc đếm & Chỉnh hợp","skill_probability;skill_reasoning;skill_data_analysis","Dễ","M2","60","single_choice","Có bao nhiêu số tự nhiên có 3 chữ số đôi một khác nhau được lập từ các chữ số \(\{1, 2, 3, 4, 5\}\)?","60","125","10","20","A","Số các số tự nhiên có 3 chữ số phân biệt chọn từ 5 chữ số là chỉnh hợp chập 3 của 5: A₅³ = 5 · 4 · 3 = 60.","adapted","Đề thi Tốt nghiệp THPT","CC BY-NC-SA 4.0","kb_toan10_05"
"q_thpt_tf_01","THPT","Toán 12","Hình học","Mặt cầu và Mặt phẳng Oxyz","skill_spatial;skill_reasoning","Trung bình","M3","130","true_false_group","Trong không gian với hệ tọa độ \(Oxyz\), cho mặt cầu \((S): (x-1)^2 + (y+2)^2 + (z-3)^2 = 25\) và mặt phẳng \((P): 2x - 2y + z + 5 = 0\). Xét tính đúng / sai của các khẳng định sau:","","","","","a:T; b:F; c:T; d:T","a) Đúng: Phương trình chính tắc cho tâm \(I(1; -2; 3)\) và bán kính \(R = \sqrt{25} = 5\).<br>b) Sai: Khoảng cách \(d(I, P) = \frac{|2(1) - 2(-2) + 3 + 5|}{\sqrt{2^2 + (-2)^2 + 1^2}} = \frac{|2 + 4 + 3 + 5|}{3} = \frac{14}{3} \approx 4,67 \neq 4\).<br>c) Đúng: Vì \(d = \frac{14}{3} < R = 5\) nên mặt phẳng \((P)\) cắt mặt cầu \((S)\) theo giao tuyến là một đường tròn.<br>d) Đúng: Bán kính đường tròn giao tuyến: \(r = \sqrt{R^2 - d^2} = \sqrt{25 - (14/3)^2} = \sqrt{25 - \frac{196}{9}} = \sqrt{\frac{29}{9}} = \frac{\sqrt{29}}{3}\).","official","Đề thi Tham khảo THPT 2025 Bộ GD&ĐT","CC BY-NC-SA 4.0","kb_toan12_04"
"q_thpt_sa_01","THPT","Toán 12","Giải tích","Tích phân hàm phân thức hữu tỉ","skill_calculation;skill_reasoning","Dễ","M2","60","short_answer","Biết tích phân \(\int_1^2 \frac{2x + 1}{x^2 + x} dx = a \ln 2 + b \ln 3\) với \(a, b\) là các số nguyên. Tính giá trị biểu thức \(P = a + 2b\).","","","","","2","Tách phân thức: \(\frac{2x+1}{x(x+1)} = \frac{1}{x} + \frac{1}{x+1}\).<br>Tích phân \(I = [\ln|x| + \ln|x+1|]_1^2 = (\ln 2 + \ln 3) - (\ln 1 + \ln 2) = \ln 3 = 0 \ln 2 + 1 \ln 3\).<br>Suy ra \(a = 0, b = 1 \implies P = a + 2b = 0 + 2(1) = 2\).","adapted","Đề thi Tốt nghiệp THPT","CC BY-NC-SA 4.0","kb_toan12_03"
"q_calc_01","Giải tích 1","Toán 12","Giải tích","Khai triển Maclaurin & Giới hạn","skill_calculation;skill_reasoning","Trung bình","M3","90","single_choice","Tính giới hạn \(L = \lim_{x \to 0} \frac{e^x - 1 - x}{\sin^2 x}\).","0","\(\frac{1}{2}\)","1","\(\infty\)","B","Sử dụng khai triển Maclaurin: \(e^x - 1 - x \sim \frac{x^2}{2}\) và \(\sin^2 x \sim x^2\). Giới hạn là \(1/2\).","adapted","Toán Cao cấp ĐHBK Hà Nội","CC BY-NC-SA 4.0","kb_gt1_01"
"q_calc_02","Giải tích 1","Toán 12","Giải tích","Phương trình vi phân cấp 1","skill_calculation;skill_reasoning","Khó","M4","120","single_choice","Nghiệm tổng quát của phương trình vi phân tuyến tính cấp 1: \(y' + \frac{1}{x}y = 3x\) (với \(x > 0\)) là:","\(y = x^2 + \frac{C}{x}\)","\(y = x^3 + C\)","\(y = 3x^2 + \frac{C}{x}\)","\(y = x^2 + C x\)","A","Thừa số tích phân \(\mu = x\). Tích phân 2 vế: \(x y = x^3 + C \implies y = x^2 + C/x\).","adapted","Toán Cao cấp ĐHBK Hà Nội","CC BY-NC-SA 4.0","kb_gt1_05"
"q_calc_03","Giải tích 1","Toán 12","Giải tích","Chuỗi Taylor - Maclaurin","skill_calculation;skill_reasoning","Trung bình","M3","90","single_choice","Khai triển Maclaurin đến bậc 4 của hàm số \(f(x) = \ln(1 + 2x)\) là:","\(2x - 2x^2 + \frac{8}{3}x^3 - 4x^4 + O(x^5)\)","\(2x - 4x^2 + 8x^3 - 16x^4 + O(x^5)\)","\(x - \frac{x^2}{2} + \frac{x^3}{3} - \frac{x^4}{4} + O(x^5)\)","\(2x + 2x^2 + \frac{8}{3}x^3 + 4x^4 + O(x^5)\)","A","\(\ln(1+u) = u - u^2/2 + u^3/3 - u^4/4\). Thay \(u = 2x\) được \(2x - 2x^2 + \frac{8}{3}x^3 - 4x^4 + O(x^5)\).","adapted","Toán Cao cấp ĐHBK Hà Nội","CC BY-NC-SA 4.0","kb_gt1_02"
"q_calc_04","Toán cao cấp","Toán 12","Đại số","Định thức ma trận","skill_calculation;skill_reasoning","Dễ","M2","60","single_choice","Tính định thức của ma trận \(A = \begin{pmatrix} 1 & 2 & 3 \\ 0 & 4 & 5 \\ 0 & 0 & 6 \end{pmatrix}\).","24","12","30","0","A","Ma trận tam giác trên, định thức bằng tích các phần tử trên đường chéo chính: \(\det(A) = 1 \cdot 4 \cdot 6 = 24\).","adapted","Đại số Tuyến tính ĐHBK","CC BY-NC-SA 4.0","kb_dstt_02"
"q_calc_05","Giải tích 1","Toán 12","Giải tích","Tích phân suy rộng loại 1","skill_calculation;skill_reasoning","Dễ","M2","60","single_choice","Tích phân suy rộng \(I = \int_1^{+\infty} \frac{1}{x^p} dx\) hội tụ khi và chỉ khi:","\(p > 1\)","\(p \ge 1\)","\(p < 1\)","\(p \le 1\)","A","Định lý Riemann: tích phân suy rộng loại 1 \(\int_1^{+\infty} \frac{dx}{x^p}\) hội tụ khi và chỉ khi \(p > 1\).","adapted","Toán Cao cấp ĐHBK Hà Nội","CC BY-NC-SA 4.0","kb_gt1_03"
"q_calc_06","Giải tích 1","Toán 12","Giải tích","Phương trình vi phân phân ly","skill_calculation;skill_reasoning","Dễ","M2","60","single_choice","Nghiệm tổng quát của phương trình vi phân phân ly biến số \(y' = 2x y^2\) (với \(y \ne 0\)) là:","\(y = -\frac{1}{x^2 + C}\)","\(y = \frac{1}{x^2 + C}\)","\(y = -\frac{2}{x^2 + C}\)","\(y = e^{x^2 + C}\)","A","Phân ly biến số: \(\frac{dy}{y^2} = 2x dx\). Lấy nguyên hàm hai vế: \(-\frac{1}{y} = x^2 + C \implies y = -\frac{1}{x^2 + C}\).","adapted","Toán Cao cấp ĐHBK Hà Nội","CC BY-NC-SA 4.0","kb_gt1_05"
"q_calc_07","Toán cao cấp","Toán 12","Đại số","Ma trận nghịch đảo","skill_calculation;skill_reasoning","Dễ","M2","60","single_choice","Cho ma trận vuông \(A = \begin{pmatrix} 1 & 2 \\ 3 & 4 \end{pmatrix}\). Ma trận nghịch đảo \(A^{-1}\) là:","\(\begin{pmatrix} -2 & 1 \\ 1,5 & -0,5 \end{pmatrix}\)","\(\begin{pmatrix} 4 & -2 \\ -3 & 1 \end{pmatrix}\)","\(\begin{pmatrix} 2 & -1 \\ -1,5 & 0,5 \end{pmatrix}\)","\(\begin{pmatrix} -4 & 2 \\ 3 & -1 \end{pmatrix}\)","A","det(A) = 1(4) - 2(3) = -2.<br>A⁻¹ = (1/det) · [d, -b; -c, a] = (-1/2) · [4, -2; -3, 1] = [-2, 1; 1,5, -0,5].","adapted","Đại số Tuyến tính ĐHBK","CC BY-NC-SA 4.0","kb_dstt_01"
"q_calc_08","Toán cao cấp","Toán 12","Đại số","Hệ phương trình tuyến tính","skill_calculation;skill_reasoning","Trung bình","M3","90","single_choice","Hệ phương trình tuyến tính \(\begin{cases} x + 2y - z = 1 \\ 2x + 5y + z = 5 \\ 3x + 7y = 6 \end{cases}\) có bao nhiêu nghiệm?","Vô số nghiệm","Vô nghiệm","Nghiệm duy nhất","Đúng 2 nghiệm","A","Cộng phương trình 1 và phương trình 2: (x + 2y - z) + (2x + 5y + z) = 3x + 7y = 6 (chính là phương trình 3).<br>Do đó hàng 3 phụ thuộc tuyến tính vào 2 hàng đầu, rank(A) = rank(A|B) = 2 < 3 (số ẩn). Hệ có vô số nghiệm phụ thuộc 1 tham số tự do.","adapted","Đại số Tuyến tính ĐHBK","CC BY-NC-SA 4.0","kb_dstt_03"
"q_calc_09","Giải tích 1","Toán 12","Giải tích","Bán kính hội tụ chuỗi lũy thừa","skill_calculation;skill_reasoning","Trung bình","M3","90","single_choice","Bán kính hội tụ \(R\) của chuỗi lũy thừa \(\sum_{n=1}^{\infty} \frac{(x - 1)^n}{n \cdot 2^n}\) bằng:","2","1","1/2","\(\infty\)","A","Hệ số a_n = 1 / (n · 2^n).<br>Tỉ số a_n / a_{n+1} = [(n+1) · 2^{n+1}] / [n · 2^n] = 2(n+1)/n.<br>Giới hạn khi n → ∞ là 2. Vậy bán kính hội tụ R = 2.","adapted","Toán Cao Cấp ĐHBK Hà Nội","CC BY-NC-SA 4.0","kb_gt1_04"
"q_calc_10","Giải tích 1","Toán 12","Giải tích","Đạo hàm cấp cao hàm lượng giác","skill_calculation;skill_reasoning","Dễ","M2","60","single_choice","Đạo hàm cấp 100 của hàm số \(f(x) = \sin x\) là:","\(\sin x\)","\(\cos x\)","\(-\sin x\)","\(-\cos x\)","A","Công thức đạo hàm cấp cao: (sin x)^{(n)} = sin(x + nπ/2).<br>Với n = 100 = 4 × 25: (sin x)^{(100)} = sin(x + 50π) = sin(x + 25 · 2π) = sin x.","adapted","Toán Cao Cấp ĐHBK Hà Nội","CC BY-NC-SA 4.0","kb_gt1_02"
"q_calc_tf_01","Giải tích 1","Toán 12","Giải tích","Chuỗi số đan dấu & Định lý Leibniz","skill_calculation;skill_reasoning","Trung bình","M3","130","true_false_group","Cho chuỗi số \(S = \sum_{n=1}^{\infty} \frac{(-1)^{n-1}}{n^p}\) với \(p\) là tham số thực. Xét tính đúng / sai của các mệnh đề sau:","","","","","a:T; b:F; c:T; d:T","a) Đúng: Xét chuỗi trị tuyệt đối \(\sum \frac{1}{n^p}\) hội tụ khi \(p > 1\) (chuỗi Riemann).<br>b) Sai: Với \(0 < p \le 1\), chuỗi đan dấu thỏa mãn điều kiện định lý Leibniz (dãy \(u_n = 1/n^p\) giảm dần về 0) nên hội tụ (bán hội tụ).<br>c) Đúng: Khi \(p \le 0\), \(\lim_{n\to\infty} \frac{1}{n^p} \neq 0\), vi phạm điều kiện cần của chuỗi hội tụ.<br>d) Đúng: Đây là khai triển Maclaurin của \(\ln(1+x)\) tại \(x = 1\): \(\ln 2 = 1 - 1/2 + 1/3 - 1/4 + \dots\).","adapted","Toán Cao Cấp ĐHBK Hà Nội","CC BY-NC-SA 4.0","kb_gt1_04"
"q_calc_sa_01","Giải tích 1","Toán 12","Giải tích","Tích phân suy rộng loại 1","skill_calculation;skill_reasoning","Trung bình","M3","90","short_answer","Tính giá trị của tích phân suy rộng loại 1: \(I = \int_0^{+\infty} x e^{-x} dx\).","","","","","1","Áp dụng phương pháp tích phân từng phần:<br>Đặt \(u = x \implies du = dx\); \(dv = e^{-x}dx \implies v = -e^{-x}\).<br>\(I = \lim_{t \to +\infty} \left[ -x e^{-x} \right]_0^t + \int_0^{+\infty} e^{-x} dx\).<br>Vì \(\lim_{t \to +\infty} \frac{-t}{e^t} = 0\) (theo L'Hôpital) và \(\int_0^{+\infty} e^{-x} dx = [-e^{-x}]_0^{+\infty} = 0 - (-1) = 1\). Vậy \(I = 1\).","adapted","Toán Cao Cấp ĐHBK Hà Nội","CC BY-NC-SA 4.0","kb_gt1_03"
"q_calc_step_01","Giải tích 1","Toán 12","Giải tích","Phương trình vi phân cấp 2 hệ số hằng","skill_calculation;skill_reasoning","Trung bình","M3","150","step_solution","Giải phương trình vi phân thuần nhất cấp 2 hệ số hằng: \(y'' - 5y' + 6y = 0\) thỏa mãn các điều kiện ban đầu \(y(0) = 2\) và \(y'(0) = 5\). Hãy trình bày các bước giải và viết nghiệm tường minh.","","","","","","","adapted","Toán Cao Cấp ĐHBK Hà Nội","CC BY-NC-SA 4.0","kb_gt1_05"
"q_tsa_31","TSA","Toán 12","Giải tích","Bài toán gấp hộp tối ưu thể tích","skill_calculation;skill_reasoning","Khó","M4","120","single_choice","Một xưởng cơ khí cần dập một tấm tôn hình chữ nhật kích thước \(40\text{ cm} \times 60\text{ cm}\) thành một chiếc hộp không nắp bằng cách cắt đi 4 hình vuông bằng nhau cạnh \(x\) ở 4 góc rồi gập các mép lên. Tìm \(x\) (theo cm) để dung tích chiếc hộp lớn nhất.","\(x = \frac{50 - 10\sqrt{7}}{3}\text{ cm}\)","\(x = 10\text{ cm}\)","\(x = 8\text{ cm}\)","\(x = \frac{50 + 10\sqrt{7}}{3}\text{ cm}\)","A","Kích thước đáy: (60 - 2x) và (40 - 2x). Chiều cao: x. Điều kiện 0 < x < 20.<br>Thể tích: V(x) = x(60 - 2x)(40 - 2x) = 4(x³ - 50x² + 600x).<br>V'(x) = 4(3x² - 100x + 600) = 0. Nghiệm x = (100 ± √[10000 - 7200])/6 = (100 ± √2800)/6 = (50 ± 10√7)/3.<br>Vì x < 20 nên x = (50 - 10√7)/3 ≈ 7,85 cm.","official","Đề thi TSA Bách Khoa","CC BY-NC-SA 4.0","kb_toan12_01"
"q_tsa_32","TSA","Toán 12","Đại số","Số học Modulo & Mã hóa Caesar","skill_calculation;skill_reasoning","Dễ","M2","60","single_choice","Đoạn mã mã hóa Caesar dịch chuyển mỗi chữ cái tiếng Anh trong bảng chữ cái (A-Z) đi k vị trí theo modulo 26: \(C = (P + k) \pmod{26}\). Nếu từ 'MATH' được mã hóa thành 'PDWK', thì từ 'LOGIC' được mã hóa thành:","ORJLF","OQJLE","PRKMG","NRJLF","A","'M' (thứ 12) -> 'P' (thứ 15) => k = +3.<br>'L' (+3) -> 'O', 'O' (+3) -> 'R', 'G' (+3) -> 'J', 'I' (+3) -> 'L', 'C' (+3) -> 'F'. Kết quả: 'ORJLF'.","adapted","Tư duy Thuật toán TSA","CC BY-NC-SA 4.0","kb_toan10_01"
"q_tsa_33","TSA","Toán 12","Hình học","Ứng dụng đường Hypebol kiến trúc","skill_spatial;skill_reasoning","Dễ","M2","60","single_choice","Một tháp làm nguội nhiệt điện có thiết diện thẳng đứng giới hạn bởi hai nhánh của đường hypebol \(\frac{x^2}{16} - \frac{y^2}{64} = 1\) (đơn vị: mét, gốc O tại tâm đối xứng). Đường kính thắt hẹp nhỏ nhất của tháp bằng bao nhiêu?","8 m","16 m","4 m","32 m","A","Thắt hẹp nhỏ nhất tại y = 0, khi đó x² = 16 => x = ±4. Bán kính thắt là 4 m => Đường kính thắt hẹp nhỏ nhất là 2 × 4 = 8 m.","official","Đề thi TSA Bách Khoa","CC BY-NC-SA 4.0","kb_toan10_03"
"q_tsa_34","TSA","Toán 12","Đại số","Giải hệ tuyến tính mạch điện","skill_calculation;skill_reasoning","Trung bình","M3","90","single_choice","Cho hệ 3 phương trình mạng dòng điện Kirchhoff: \(\begin{pmatrix} 2 & 1 & 0 \\ 1 & 3 & 1 \\ 0 & 1 & 2 \end{pmatrix} \begin{pmatrix} I_1 \\ I_2 \\ I_3 \end{pmatrix} = \begin{pmatrix} 5 \\ 10 \\ 7 \end{pmatrix}\). Dòng điện \(I_2\) chạy qua nhánh giữa bằng:","2 A","1 A","3 A","1,5 A","A","Phương trình 1: 2I₁ + I₂ = 5 => 2I₁ = 5 - I₂.<br>Phương trình 3: I₂ + 2I₃ = 7 => 2I₃ = 7 - I₂.<br>Nhân đôi phương trình 2: 2I₁ + 6I₂ + 2I₃ = 20.<br>Thay vào: (5 - I₂) + 6I₂ + (7 - I₂) = 20 ⇔ 4I₂ + 12 = 20 ⇔ 4I₂ = 8 ⇔ I₂ = 2 A.","official","Đề thi TSA Bách Khoa","CC BY-NC-SA 4.0","kb_dstt_02"
"q_tsa_35","TSA","Toán 12","Hình học","Chuyển động tròn đều","skill_spatial;skill_reasoning","Dễ","M2","60","single_choice","Một đĩa DVD quay với tốc độ góc không đổi \(\omega = 1200\text{ vòng/phút}\). Tốc độ dài của một điểm nằm ở mép đĩa (cách tâm 6 cm) xấp xỉ bằng:","7,54 m/s","15,08 m/s","4,52 m/s","1,20 m/s","A","1200 vòng/phút = 1200 × 2π / 60 = 40π rad/s.<br>Bán kính r = 0,06 m.<br>Tốc độ dài: v = ω · r = 40π × 0,06 = 2,4π ≈ 7,54 m/s.","adapted","Tư duy Khoa học TSA","CC BY-NC-SA 4.0","kb_toan11_01"
"q_tsa_36","TSA","Toán 12","Đại số","Toán tài chính Quy tắc 72","skill_calculation;skill_reasoning","Dễ","M2","60","single_choice","Một người đầu tư 500 triệu đồng vào quỹ mở với lãi suất kỳ vọng 10%/năm. Theo quy tắc 72 (Rule of 72), sau khoảng bao nhiêu năm thì số vốn đầu tư ban đầu của người đó sẽ tăng gấp đôi?","7,2 năm","10 năm","5 năm","14,4 năm","A","Theo quy tắc tài chính 72: Thời gian nhân đôi số vốn xấp xỉ t ≈ 72 / r% = 72 / 10 = 7,2 năm.","adapted","Tư duy Định lượng TSA","CC BY-NC-SA 4.0","kb_toan11_02"
"q_tsa_37","TSA","Toán 12","Đại số","Mô hình tăng trưởng dân số","skill_modeling;skill_calculation;skill_reasoning","Trung bình","M3","90","single_choice","Dân số của một quốc gia năm 2020 là 100 triệu người. Tỉ lệ tăng dân số hàng năm ổn định ở mức 1,2%/năm. Hỏi vào năm nào dân số quốc gia đó vượt qua mốc 120 triệu người?","Năm 2036","Năm 2035","Năm 2038","Năm 2040","A","Phương trình tăng trưởng: 100 · (1 + 0,012)^t ≥ 120 ⇔ 1,012^t ≥ 1,2 ⇔ t ≥ ln(1,2) / ln(1,012) ≈ 0,1823 / 0,01193 ≈ 15,28 năm.<br>2020 + 16 = 2036. Năm 2036 dân số sẽ vượt mốc 120 triệu.","official","Đề thi TSA Bách Khoa","CC BY-NC-SA 4.0","kb_toan12_02"
"q_tsa_38","TSA","Toán 12","Giải tích","Tốc độ biến thiên liên quan (Related Rates)","skill_calculation;skill_reasoning","Khó","M4","120","single_choice","Một đống cát có dạng hình nón có góc ở đỉnh bằng \(90^\circ\). Khi cát chảy thêm làm chiều cao tháp cát tăng với tốc độ \(0,2\text{ m/phút}\). Tốc độ tăng thể tích đống cát tại thời điểm chiều cao tháp là \(h = 3\text{ m}\) bằng:","\(1,8\pi\text{ m}^3/\text{phút}\)","\(0,6\pi\text{ m}^3/\text{phút}\)","\(3,6\pi\text{ m}^3/\text{phút}\)","\(2,4\pi\text{ m}^3/\text{phút}\)","A","Góc ở đỉnh 90° => thiết diện qua trục là tam giác vuông cân tại đỉnh => góc nghiêng đường sinh là 45° => bán kính đáy r = h.<br>Thể tích: V = (1/3)π r² h = (1/3)π h³.<br>Đạo hàm theo thời gian: dV/dt = π h² (dh/dt) = π (3)² (0,2) = 1,8π m³/phút.","official","Đề thi TSA Bách Khoa","CC BY-NC-SA 4.0","kb_toan11_04"
"q_tsa_39","TSA","Toán 12","Giải tích","Thể tích tròn xoay quanh trục Oy","skill_calculation;skill_reasoning","Trung bình","M3","90","single_choice","Một chậu hoa hình paraboloid tròn xoay được tạo thành bằng cách quay đường parabol \(y = x^2\) (đơn vị: dm, \(0 \le y \le 4\)) quanh trục Oy. Thể tích đất có thể chứa đầy chậu hoa đó là:","\(8\pi\text{ dm}^3\)","\(16\pi\text{ dm}^3\)","\(4\pi\text{ dm}^3\)","\(\frac{32}{3}\pi\text{ dm}^3\)","A","Quay quanh trục Oy: V = π ∫₀⁴ x² dy = π ∫₀⁴ y dy = π [y²/2]₀⁴ = π (16/2) = 8π dm³.","official","Đề thi TSA Bách Khoa","CC BY-NC-SA 4.0","kb_toan12_03"
"q_tsa_40","TSA","Toán 12","Đại số","Số Bell & Phân hoạch tập hợp","skill_calculation;skill_reasoning","Khó","M4","120","single_choice","Cho tập hợp \(S = \{1, 2, 3, 4, 5, 6\}\). Có bao nhiêu quan hệ tương đương khác nhau trên tập hợp con \(A = \{1, 2, 3\}\)?","5","3","8","6","A","Số quan hệ tương đương trên tập n phần tử bằng số phân hoạch tập hợp (Số Bell B_n).<br>Với n = 3: B₃ = 5 (1 phân hoạch 3 phần tử, 3 phân hoạch 2+1, 1 phân hoạch 1+1+1).","adapted","Tư duy Logic Toán rời rạc TSA","CC BY-NC-SA 4.0","kb_toan10_01"
"q_hsa_23","HSA","Toán 12","Đại số","Tổng n số hạng cấp số cộng","skill_calculation;skill_reasoning","Dễ","M2","60","single_choice","Tổng của 10 số hạng đầu tiên của cấp số cộng có số hạng đầu \(u_1 = 4\) và công sai \(d = 3\) là:","175","160","190","145","A","S₁₀ = 10 · [2(4) + 9(3)] / 2 = 5 · (8 + 27) = 5 · 35 = 175.","official","Đề thi ĐGNL ĐHQGHN","CC BY-NC-SA 4.0","kb_toan11_02"
"q_hsa_24","HSA","Toán 12","Đại số","Cấp số nhân lùi vô hạn","skill_calculation;skill_reasoning","Trung bình","M3","90","single_choice","Một người thả một quả bóng từ độ cao 10 m xuống mặt đất. Sau mỗi lần chạm đất, bóng nảy lên độ cao bằng 3/4 độ cao của lần rơi trước đó. Tổng quãng đường quả bóng di chuyển được kể từ lúc thả đến khi bóng dừng hẳn là:","70 m","40 m","60 m","80 m","A","Lần rơi đầu: 10 m.<br>Các lần nảy lên và rơi xuống sau: 2 × [10(3/4) + 10(3/4)² + ...].<br>Tổng chuỗi CSN lùi vô hạn: S = 10 + 20 × [(3/4) / (1 - 3/4)] = 10 + 20 × 3 = 10 + 60 = 70 m.","official","Đề thi ĐGNL ĐHQGHN","CC BY-NC-SA 4.0","kb_toan11_02"
"q_hsa_25","HSA","Toán 12","Hình học","Góc giữa hai mặt phẳng Oxyz","skill_spatial;skill_reasoning","Dễ","M2","60","single_choice","Góc giữa hai mặt phẳng \((P): x + y - 2 = 0\) và \((Q): y + z + 1 = 0\) bằng:","60°","45°","30°","90°","A","Vectơ pháp tuyến: n_P = (1, 1, 0), n_Q = (0, 1, 1).<br>cos φ = |n_P · n_Q| / (|n_P| · |n_Q|) = |1(0) + 1(1) + 0(1)| / (√2 · √2) = 1/2 => φ = 60°.","official","Đề thi ĐGNL ĐHQGHN","CC BY-NC-SA 4.0","kb_toan12_04"
"q_hsa_26","HSA","Toán 12","Đại số","Nhị thức Newton","skill_calculation;skill_reasoning","Dễ","M2","60","single_choice","Hệ số của số hạng chứa \(x^3\) trong khai triển nhị thức Newton \((2x - 1)^5\) là:","80","-80","40","-40","A","Số hạng tổng quát: T_{k+1} = C₅^k (2x)^{5-k} (-1)^k = C₅^k 2^{5-k} (-1)^k x^{5-k}.<br>Cần số hạng chứa x³ => 5 - k = 3 => k = 2.<br>Hệ số: C₅² · 2³ · (-1)² = 10 · 8 · 1 = 80.","official","Đề thi ĐGNL ĐHQGHN","CC BY-NC-SA 4.0","kb_toan10_05"
"q_hsa_27","HSA","Toán 12","Đại số","Bất phương trình chứa căn","skill_calculation;skill_reasoning","Dễ","M2","60","single_choice","Tập nghiệm của bất phương trình \(\sqrt{x - 1} < 3\) là:","\([1; 10)\)","\((-\infty; 10)\)","\((1; 10)\)","\([1; 10]\)","A","Điều kiện: x - 1 ≥ 0 ⇔ x ≥ 1.<br>Bình phương 2 vế: x - 1 < 9 ⇔ x < 10.<br>Tập nghiệm: [1; 10).","official","Đề thi ĐGNL ĐHQGHN","CC BY-NC-SA 4.0","kb_toan10_01"
"q_hsa_28","HSA","Toán 12","Giải tích","Đạo hàm hàm logarit","skill_calculation;skill_reasoning","Dễ","M2","60","single_choice","Tính đạo hàm của hàm số \(y = \log_3(x^2 + 1)\) tại \(x = 1\).","\(\frac{1}{\ln 3}\)","\(\frac{2}{\ln 3}\)","\(\frac{1}{2\ln 3}\)","\(1\)","A","y' = (x² + 1)' / [(x² + 1) ln 3] = 2x / [(x² + 1) ln 3].<br>Tại x = 1: y'(1) = 2(1) / [(1 + 1) ln 3] = 2 / (2 ln 3) = 1 / ln 3.","official","Đề thi ĐGNL ĐHQGHN","CC BY-NC-SA 4.0","kb_toan12_02"
"q_hsa_29","HSA","Toán 12","Hình học","Khoảng cách hai đường thẳng song song phẳng","skill_spatial;skill_reasoning","Dễ","M2","60","single_choice","Khoảng cách giữa hai đường thẳng song song \(d_1: 3x - 4y + 5 = 0\) và \(d_2: 3x - 4y - 15 = 0\) trong mặt phẳng Oxy bằng:","4","2","3","5","A","Công thức khoảng cách hai đường song song: d = |c₁ - c₂| / √(a² + b²) = |5 - (-15)| / √(3² + (-4)²) = 20 / 5 = 4.","official","Đề thi ĐGNL ĐHQGHN","CC BY-NC-SA 4.0","kb_toan10_04"
"q_hsa_30","HSA","Toán 12","Thống kê","Tính phương sai mẫu số liệu","skill_probability;skill_data_analysis","Dễ","M2","60","single_choice","Một mẫu số liệu gồm 5 giá trị: 4, 6, 8, 10, 12. Phương sai \(s^2\) của mẫu số liệu này bằng:","8","2√2","10","6,4","A","Trung bình: x̄ = (4 + 6 + 8 + 10 + 12) / 5 = 40 / 5 = 8.<br>Phương sai: s² = [(-4)² + (-2)² + 0² + 2² + 4²] / 5 = (16 + 4 + 0 + 4 + 16) / 5 = 40 / 5 = 8.","official","Đề thi ĐGNL ĐHQGHN","CC BY-NC-SA 4.0","kb_toan10_05"
"q_thpt_16","THPT","Toán 12","Giải tích","Đơn điệu hàm bậc ba","skill_calculation;skill_reasoning","Dễ","M2","60","single_choice","Hàm số \(y = \frac{1}{3}x^3 - 2x^2 + 3x - 1\) nghịch biến trên khoảng nào dưới đây?","\((1; 3)\)","\((-\infty; 1)\)","\((3; +\infty)\)","\((0; 3)\)","A","y' = x² - 4x + 3 = (x - 1)(x - 3).<br>y' < 0 ⇔ 1 < x < 3. Hàm số nghịch biến trên khoảng (1; 3).","adapted","Đề thi Tốt nghiệp THPT","CC BY-NC-SA 4.0","kb_toan12_01"
"q_thpt_17","THPT","Toán 12","Đại số","Phương trình mũ cơ bản","skill_calculation;skill_reasoning","Dễ","M2","60","single_choice","Nghiệm của phương trình \(3^{x - 2} = 27\) là:","\(x = 5\)","\(x = 3\)","\(x = 1\)","\(x = -1\)","A","3^{x - 2} = 3³ ⇔ x - 2 = 3 ⇔ x = 5.","adapted","Đề thi Tốt nghiệp THPT","CC BY-NC-SA 4.0","kb_toan12_02"
"q_thpt_18","THPT","Toán 12","Hình học","Hình chiếu lên mặt phẳng tọa độ","skill_spatial;skill_reasoning","Dễ","M2","60","single_choice","Trong không gian Oxyz, hình chiếu vuông góc của điểm \(M(2, -3, 5)\) lên mặt phẳng \((Oxy)\) có tọa độ là:","\((2, -3, 0)\)","\((2, 0, 5)\)","\((0, -3, 5)\)","\((0, 0, 5)\)","A","Hình chiếu lên mặt phẳng (Oxy) thì giữ nguyên hoành độ x và tung độ y, cho cao độ z = 0 => (2, -3, 0).","adapted","Đề thi Tốt nghiệp THPT","CC BY-NC-SA 4.0","kb_toan12_04"
"q_thpt_19","THPT","Toán 12","Hình học","Diện tích toàn phần hình trụ","skill_spatial;skill_reasoning","Dễ","M2","60","single_choice","Một hình trụ có bán kính đáy \(r = 4\) và độ dài đường sinh \(l = 5\). Diện tích toàn phần của hình trụ đó bằng:","\(72\pi\)","\(40\pi\)","\(32\pi\)","\(80\pi\)","A","S_tp = 2π r l + 2π r² = 2π(4)(5) + 2π(16) = 40π + 32π = 72π.","adapted","Đề thi Tốt nghiệp THPT","CC BY-NC-SA 4.0","kb_toan12_04"
"q_thpt_20","THPT","Toán 12","Đại số","Số phức liên hợp","skill_calculation;skill_reasoning","Dễ","M2","60","single_choice","Số phức liên hợp của số phức \(z = 3 - 5i\) là:","\(\bar{z} = 3 + 5i\)","\(\bar{z} = -3 + 5i\)","\(\bar{z} = -3 - 5i\)","\(\bar{z} = 5 - 3i\)","A","Số phức liên hợp giữ nguyên phần thực và đổi dấu phần ảo: z = a + bi => z̄ = a - bi. Ở đây z = 3 - 5i => z̄ = 3 + 5i.","adapted","Đề thi Tốt nghiệp THPT","CC BY-NC-SA 4.0","kb_toan12_02"
"q_calc_11","Giải tích 1","Toán 12","Giải tích","Vô cùng bé tương đương lượng giác","skill_calculation;skill_reasoning","Trung bình","M3","90","single_choice","Tính giới hạn \(L = \lim_{x \to 0} \frac{\tan x - \sin x}{x^3}\).","\(\frac{1}{2}\)","0","1","\(\frac{1}{6}\)","A","tan x - sin x = tan x (1 - cos x) ~ x · (x²/2) = x³/2.<br>Do đó L = lim (x³/2) / x³ = 1/2.","adapted","Toán Cao Cấp ĐHBK Hà Nội","CC BY-NC-SA 4.0","kb_gt1_01"
"q_calc_12","Toán cao cấp","Toán 12","Đại số","Giá trị riêng ma trận tam giác","skill_calculation;skill_reasoning","Dễ","M2","60","single_choice","Cho ma trận \(A = \begin{pmatrix} 1 & 0 & 2 \\ 0 & 3 & 1 \\ 0 & 0 & -2 \end{pmatrix}\). Các giá trị riêng của ma trận A là:","\(1, 3, -2\)","\(1, -3, 2\)","\(0, 3, 2\)","\(1, 0, -2\)","A","A là ma trận tam giác trên, do đó các giá trị riêng chính là các phần tử nằm trên đường chéo chính: λ₁ = 1, λ₂ = 3, λ₃ = -2.","adapted","Đại số Tuyến tính ĐHBK","CC BY-NC-SA 4.0","kb_dstt_04"
"q_calc_13","Giải tích 1","Toán 12","Giải tích","Tích phân suy rộng loại 2","skill_calculation;skill_reasoning","Dễ","M2","60","single_choice","Tích phân suy rộng loại 2: \(I = \int_0^1 \frac{1}{\sqrt{1 - x^2}} dx\) có giá trị bằng:","\(\frac{\pi}{2}\)","\(\pi\)","1","Phân kỳ","A","Nguyên hàm cơ bản: ∫ 1/√(1 - x²) dx = arcsin x.<br>I = [arcsin x]₀¹ = arcsin 1 - arcsin 0 = π/2.","adapted","Toán Cao Cấp ĐHBK Hà Nội","CC BY-NC-SA 4.0","kb_gt1_03"
"q_calc_14","Giải tích 1","Toán 12","Giải tích","Tổng chuỗi vi sai Telescoping","skill_calculation;skill_reasoning","Dễ","M2","60","single_choice","Chuỗi số \(\sum_{n=1}^{\infty} \frac{1}{n(n+1)}\) có tổng bằng:","1","2","1/2","Phân kỳ","A","Phân tích số hạng: 1/[n(n+1)] = 1/n - 1/(n+1).<br>Tổng riêng phần thứ N là chuỗi vi sai thu gọn (Telescoping Sum): S_N = (1 - 1/2) + (1/2 - 1/3) + ... + (1/N - 1/(N+1)) = 1 - 1/(N+1).<br>Khi N → ∞, tổng S = lim (1 - 1/(N+1)) = 1.","adapted","Toán Cao Cấp ĐHBK Hà Nội","CC BY-NC-SA 4.0","kb_gt1_04"
"q_calc_15","Giải tích 1","Toán 12","Giải tích","Phương trình vi phân cơ bản","skill_calculation;skill_reasoning","Dễ","M2","60","single_choice","Nghiệm của phương trình vi phân \(y' = 3x^2\) thỏa mãn điều kiện \(y(0) = 4\) là:","\(y = x^3 + 4\)","\(y = 6x + 4\)","\(y = x^3\)","\(y = 3x^3 + 4\)","A","y = ∫ 3x² dx = x³ + C. Điều kiện y(0) = 4 => C = 4 => y = x³ + 4.","adapted","Toán Cao Cấp ĐHBK Hà Nội","CC BY-NC-SA 4.0","kb_gt1_05"
"q_tsa_41","TSA","Toán 12","Đại số","Thuật toán sắp xếp & Cặp nghịch thế","skill_calculation;skill_reasoning","Dễ","M2","60","single_choice","Một thuật toán sắp xếp nổi bọt (Bubble Sort) được áp dụng trên mảng gồm 5 phần tử: [5, 1, 4, 2, 8]. Số phép đổi chỗ (swap) tối thiểu cần thực hiện để mảng được sắp xếp tăng dần là:","4 phép đổi chỗ","3 phép đổi chỗ","5 phép đổi chỗ","2 phép đổi chỗ","A","Các nghịch thế trong mảng ban đầu: (5,1), (5,4), (5,2), (4,2) gồm đúng 4 cặp nghịch thế. Mỗi phép swap liền kề triệt tiêu đúng 1 nghịch thế, do đó cần đúng 4 phép đổi chỗ.","adapted","Tư duy Thuật toán TSA","CC BY-NC-SA 4.0","kb_toan10_01"
"q_tsa_42","TSA","Toán 12","Đại số","Lý thuyết đồ thị & Cây khung","skill_calculation;skill_reasoning","Dễ","M2","60","single_choice","Trong một đồ thị liên thông gồm 7 đỉnh, số cạnh tối thiểu để đồ thị không chứa chu trình (cây khung - spanning tree) là:","6 cạnh","7 cạnh","5 cạnh","8 cạnh","A","Một cây gồm V đỉnh luôn có đúng V - 1 cạnh. Với V = 7 đỉnh, số cạnh của cây khung là 7 - 1 = 6 cạnh.","adapted","Tư duy Logic Đồ thị TSA","CC BY-NC-SA 4.0","kb_toan10_01"
"q_tsa_43","TSA","Toán 12","Giải tích","Phối hợp trở kháng tối ưu công suất","skill_calculation;skill_reasoning","Dễ","M2","60","single_choice","Một bình ắc quy có suất điện động \(E = 12\text{ V}\) và điện trở trong \(r = 2\,\Omega\). Để công suất tiêu thụ trên điện trở mạch ngoài \(R\) đạt giá trị lớn nhất thì giá trị của \(R\) phải bằng:","2 Ω","4 Ω","1 Ω","6 Ω","A","Công suất mạch ngoài: P = I² R = [E / (R + r)]² R = E² / [(√R + r/√R)²].<br>Theo AM-GM: (√R + r/√R)² ≥ 4r, dấu '=' xảy ra khi √R = r/√R ⇔ R = r = 2 Ω.","adapted","Tư duy Khoa học Kỹ thuật TSA","CC BY-NC-SA 4.0","kb_toan10_02"
"q_tsa_44","TSA","Toán 12","Hình học","Hệ thức lượng trong tam giác vuông","skill_spatial;skill_reasoning","Dễ","M2","60","single_choice","Một người quan sát đứng cách một tháp phát sóng 50 m. Góc nâng từ mặt đất đến đỉnh tháp là \(60^\circ\). Chiều cao của tháp phát sóng gần nhất với giá trị nào?","86,6 m","50 m","100 m","75 m","A","h = d · tan 60° = 50 · √3 ≈ 50 · 1,732 = 86,6 m.","official","Đề thi TSA Bách Khoa","CC BY-NC-SA 4.0","kb_toan10_04"
"q_tsa_45","TSA","Toán 12","Thống kê","Quy tắc phân phối chuẩn 68-95-99.7","skill_probability;skill_data_analysis","Dễ","M2","60","single_choice","Một công ty dự báo nhu cầu sản phẩm tuân theo phân phối chuẩn với trung bình \(\mu = 1000\) sản phẩm/tháng và độ lệch chuẩn \(\sigma = 100\). Theo quy tắc thực nghiệm 68-95-99.7, xác suất nhu cầu tháng tới nằm trong khoảng từ 800 đến 1200 sản phẩm xấp xỉ bằng:","95%","68%","99,7%","90%","A","Khoảng [800; 1200] chính là [μ - 2σ; μ + 2σ]. Với phân phối chuẩn, tỉ lệ dữ liệu rơi vào khoảng 2 độ lệch chuẩn quanh trung bình là khoảng 95,45% ≈ 95%.","official","Đề thi TSA Bách Khoa","CC BY-NC-SA 4.0","kb_toan10_05"
"q_tsa_46","TSA","Toán 12","Hình học","Phương trình chính tắc Parabol","skill_spatial;skill_reasoning","Dễ","M2","60","single_choice","Một anten viễn thông có mặt cắt ngang là một parabol có tiêu cự \(f = 2\text{ m}\). Phương trình chính tắc của parabol này trong hệ tọa độ phù hợp là:","\(y^2 = 8x\)","\(y^2 = 4x\)","\(y^2 = 2x\)","\(y = 2x^2\)","A","Phương trình chính tắc của parabol đỉnh tại O là y² = 2px, trong đó tiêu cự f = p/2 => p = 2f = 4 => y² = 8x.","official","Đề thi TSA Bách Khoa","CC BY-NC-SA 4.0","kb_toan10_03"
"q_tsa_47","TSA","Toán 12","Đại số","Mã Hamming kiểm tra lỗi","skill_calculation;skill_reasoning","Trung bình","M3","90","single_choice","Để mã hóa một chuỗi nhị phân 4 bit, mã Hamming(7, 4) thêm vào bao nhiêu bit chẵn lẻ (parity bits) để có thể phát hiện và sửa sai 1 bit?","3 bit","2 bit","4 bit","1 bit","A","Mã Hamming(7, 4) có tổng độ dài n = 7 bit, trong đó dữ liệu gốc k = 4 bit. Số bit kiểm tra chẵn lẻ là r = n - k = 7 - 4 = 3 bit (thỏa mãn bất đẳng thức 2^r ≥ k + r + 1 = 8).","adapted","Tư duy Công nghệ Thông tin TSA","CC BY-NC-SA 4.0","kb_toan10_01"
"q_tsa_48","TSA","Toán 12","Giải tích","Khảo sát cực trị hàm mũ","skill_calculation;skill_reasoning","Dễ","M2","60","single_choice","Cho hàm số \(f(x) = x e^{-x}\). Giá trị lớn nhất của hàm số trên \([0; +\infty)\) là:","\(\frac{1}{e}\)","\(1\)","\(e\)","\(\frac{1}{e^2}\)","A","f'(x) = e^{-x} - x e^{-x} = (1 - x)e^{-x} = 0 ⇔ x = 1.<br>f(1) = 1 · e⁻¹ = 1/e. Khi x → +∞, lim f(x) = 0. Vậy giá trị lớn nhất là 1/e.","official","Đề thi TSA Bách Khoa","CC BY-NC-SA 4.0","kb_toan12_01"
"q_tsa_49","TSA","Toán 12","Đại số","Phương trình mũ - logarit hỗn hợp","skill_calculation;skill_reasoning","Trung bình","M3","90","single_choice","Tích của tất cả các nghiệm thực của phương trình \(x^{\log_2 x} = 4x\) bằng:","2","4","8","1","A","Lấy logarit cơ số 2 hai vế: log₂(x^{log₂ x}) = log₂(4x) ⇔ (log₂ x)² = 2 + log₂ x.<br>Đặt t = log₂ x => t² - t - 2 = 0 ⇔ t₁ = -1, t₂ = 2.<br>Suy ra x₁ = 2⁻¹ = 1/2; x₂ = 2² = 4.<br>Tích hai nghiệm: x₁ · x₂ = (1/2) · 4 = 2.","official","Đề thi TSA Bách Khoa","CC BY-NC-SA 4.0","kb_toan12_02"
"q_tsa_50","TSA","Toán 12","Giải tích","Đạo hàm trong dao động điều hòa","skill_calculation;skill_reasoning","Dễ","M2","60","single_choice","Một con lắc dao động điều hòa theo quy luật \(x(t) = 5\cos(4\pi t - \pi/3)\) (cm). Vận tốc cực đại của con lắc bằng:","\(20\pi\text{ cm/s}\)","\(5\pi\text{ cm/s}\)","\(10\pi\text{ cm/s}\)","\(40\pi\text{ cm/s}\)","A","Vận tốc tức thời: v(t) = x'(t) = -20π sin(4πt - π/3).<br>Vận tốc cực đại v_max = A · ω = 5 · 4π = 20π cm/s.","adapted","Tư duy Vật lý TSA","CC BY-NC-SA 4.0","kb_toan11_04"
"q_tsa_51","TSA","Toán 12","Giải tích","Giới hạn nhân liên hợp vô cùng trừ vô cùng","skill_calculation;skill_reasoning","Dễ","M2","60","single_choice","Tính giới hạn \(L = \lim_{x \to +\infty} x \left( \sqrt{x^2 + 1} - x \right)\).","\(\frac{1}{2}\)","1","0","\(\infty\)","A","Nhân liên hợp: √(x² + 1) - x = 1 / [√(x² + 1) + x].<br>L = lim x / [√(x² + 1) + x] = lim 1 / [√(1 + 1/x²) + 1] = 1 / (1 + 1) = 1/2.","official","Đề thi TSA Bách Khoa","CC BY-NC-SA 4.0","kb_toan11_03"
"q_tsa_52","TSA","Toán 12","Xác suất","Tổ hợp không phân biệt thứ tự sắp xếp","skill_probability;skill_reasoning;skill_data_analysis","Dễ","M2","60","single_choice","Một mật mã két sắt gồm 4 chữ số (mỗi chữ số từ 0 đến 9). Một người quên mật mã nhưng nhớ rằng 4 chữ số này tăng dần từ trái sang phải (ví dụ 1248). Có bao nhiêu mật mã thỏa mãn điều kiện này?","210","120","5040","360","A","Mỗi cách chọn ra 4 chữ số phân biệt từ tập 10 chữ số {0, 1, ..., 9} chỉ có duy nhất 1 cách sắp xếp theo thứ tự tăng dần.<br>Số mật mã hợp lệ: C₁₀⁴ = (10 · 9 · 8 · 7) / 24 = 210.","adapted","Tư duy Định lượng TSA","CC BY-NC-SA 4.0","kb_toan10_05"
"q_tsa_53","TSA","Toán 12","Hình học","Mặt phẳng song song Oxyz","skill_spatial;skill_reasoning","Dễ","M2","60","single_choice","Trong không gian Oxyz, phương trình mặt phẳng đi qua gốc tọa độ O và song song với mặt phẳng \((P): 2x - 3y + 4z - 12 = 0\) là:","\(2x - 3y + 4z = 0\)","\(2x - 3y + 4z + 12 = 0\)","\(x - 3y + 2z = 0\)","\(2x + 3y + 4z = 0\)","A","Mặt phẳng song song với (P) có cùng vectơ pháp tuyến n = (2, -3, 4). Đi qua O(0,0,0) nên hệ số tự do D = 0 => 2x - 3y + 4z = 0.","official","Đề thi TSA Bách Khoa","CC BY-NC-SA 4.0","kb_toan12_04"
"q_tsa_54","Toán cao cấp","Toán 12","Đại số","Tính chất định thức nhân vô hướng","skill_calculation;skill_reasoning","Dễ","M2","60","single_choice","Một ma trận \(A\) vuông cấp 3 có định thức \(\det(A) = 3\). Giá trị của \(\det(2A)\) bằng:","24","6","18","12","A","Tính chất định thức: det(k A) = k^n det(A) với n là cấp của ma trận vuông. Ở đây n = 3, k = 2 => det(2A) = 2³ · 3 = 8 · 3 = 24.","adapted","Đại số Tuyến tính ĐHBK","CC BY-NC-SA 4.0","kb_dstt_02"
"q_tsa_55","TSA","Toán 12","Xác suất","Hàm mật độ xác suất liên tục","skill_probability;skill_reasoning;skill_data_analysis","Dễ","M2","60","single_choice","Cho hàm mật độ xác suất của biến ngẫu nhiên liên tục X là \(f(x) = k x\) với \(0 \le x \le 2\) (và bằng 0 ở ngoài khoảng đó). Hằng số chuẩn hóa k bằng:","\(\frac{1}{2}\)","1","2","\(\frac{1}{4}\)","A","Điều kiện chuẩn hóa hàm mật độ: ∫₀² f(x) dx = 1 ⇔ ∫₀² k x dx = k [x²/2]₀² = 2k = 1 => k = 1/2.","adapted","Xác suất Thống kê TSA","CC BY-NC-SA 4.0","kb_toan12_05"
"q_hsa_31","HSA","Toán 12","Đại số","Bất phương trình logarit nghiệm nguyên","skill_calculation;skill_reasoning","Dễ","M2","60","single_choice","Nghiệm nguyên nhỏ nhất của bất phương trình \(\log_3(x - 2) > 2\) là:","12","11","10","13","A","log₃(x - 2) > 2 ⇔ x - 2 > 3² = 9 ⇔ x > 11. Nghiệm nguyên nhỏ nhất là x = 12.","official","Đề thi ĐGNL ĐHQGHN","CC BY-NC-SA 4.0","kb_toan12_02"
"q_hsa_32","HSA","Toán 12","Hình học","Thể tích lăng trụ tam giác đều","skill_spatial;skill_reasoning","Dễ","M2","60","single_choice","Cho hình lăng trụ tam giác đều \(ABC.A'B'C'\) có cạnh đáy bằng \(a\) và cạnh bên bằng \(2a\). Thể tích của khối lăng trụ đó là:","\(\frac{a^3\sqrt{3}}{2}\)","\(\frac{a^3\sqrt{3}}{6}\)","\(a^3\sqrt{3}\)","\(\frac{a^3\sqrt{3}}{4}\)","A","Diện tích đáy tam giác đều: S = a²√3 / 4.<br>Thể tích: V = S · h = (a²√3 / 4) · (2a) = a³√3 / 2.","official","Đề thi ĐGNL ĐHQGHN","CC BY-NC-SA 4.0","kb_toan12_04"
"q_hsa_33","HSA","Toán 12","Giải tích","Định lý Viète cho cực trị bậc ba","skill_calculation;skill_reasoning","Trung bình","M3","90","single_choice","Biết rằng đồ thị hàm số \(y = x^3 - 3x^2 + mx - 1\) có hai điểm cực trị \(x_1, x_2\) thỏa mãn \(x_1^2 + x_2^2 = 6\). Giá trị của tham số m bằng:","-3","3","0","1","A","y' = 3x² - 6x + m = 0. Theo Viète: x₁ + x₂ = 2, x₁ · x₂ = m/3.<br>x₁² + x₂² = (x₁ + x₂)² - 2x₁ x₂ = 4 - 2m/3 = 6 ⇔ 2m/3 = -2 ⇔ m = -3.<br>Khi m = -3, Δ' = 9 - 3(-3) = 18 > 0 (thỏa mãn có 2 cực trị).","official","Đề thi ĐGNL ĐHQGHN","CC BY-NC-SA 4.0","kb_toan12_01"
"q_hsa_34","HSA","Toán 12","Xác suất","Xác suất chọn tổ hợp hai nhóm","skill_probability;skill_reasoning;skill_data_analysis","Dễ","M2","60","single_choice","Một lớp học có 25 học sinh nam và 15 học sinh nữ. Chọn ngẫu nhiên 2 học sinh đi dự đại hội Đoàn. Xác suất để chọn được 1 học sinh nam và 1 học sinh nữ là:","\(\frac{25}{52}\)","\(\frac{15}{52}\)","\(\frac{1}{2}\)","\(\frac{5}{13}\)","A","n(Ω) = C₄₀² = 780.<br>Số cách chọn 1 nam và 1 nữ: 25 × 15 = 375.<br>Xác suất P = 375 / 780 = 25 / 52.","official","Đề thi ĐGNL ĐHQGHN","CC BY-NC-SA 4.0","kb_toan10_05"
"q_hsa_35","HSA","Toán 12","Hình học","Mặt phẳng trung trực Oxyz","skill_spatial;skill_reasoning","Dễ","M2","60","single_choice","Trong không gian Oxyz, cho hai điểm \(A(1, 1, 2)\) và \(B(3, 5, 4)\). Phương trình mặt phẳng trung trực của đoạn thẳng AB là:","\(x + 2y + z - 11 = 0\)","\(x + 2y + z + 11 = 0\)","\(2x + 4y + 2z - 9 = 0\)","\(x + 2y - z - 5 = 0\)","A","Trung điểm M của AB là M(2, 3, 3).<br>Vectơ AB = (2, 4, 2) = 2(1, 2, 1).<br>Mặt phẳng trung trực qua M nhận n = (1, 2, 1) làm pháp tuyến:<br>1(x - 2) + 2(y - 3) + 1(z - 3) = 0 ⇔ x + 2y + z - 11 = 0.","official","Đề thi ĐGNL ĐHQGHN","CC BY-NC-SA 4.0","kb_toan12_04"
"q_hsa_36","HSA","Toán 12","Giải tích","Tối ưu hóa diện tích hàng rào","skill_modeling;skill_calculation;skill_reasoning","Dễ","M2","60","single_choice","Một người nông dân muốn rào một khu vườn hình chữ nhật có một cạnh giáp bờ sông (không cần làm rào ở cạnh này). Tổng chiều dài lưới thép có sẵn là 120 m. Diện tích lớn nhất của khu vườn mà người đó có thể rào được là:","1800 m²","3600 m²","2400 m²","1600 m²","A","Gọi x là độ dài 2 cạnh vuông góc với bờ sông (x > 0). Cạnh song song bờ sông có chiều dài 120 - 2x.<br>Diện tích: S(x) = x(120 - 2x) = -2x² + 120x.<br>Parabol đạt cực đại tại x = -120 / (2 · (-2)) = 30 m.<br>Diện tích lớn nhất S_max = 30 · (120 - 60) = 1800 m².","official","Đề thi ĐGNL ĐHQGHN","CC BY-NC-SA 4.0","kb_toan10_03"
"q_hsa_37","HSA","Toán 12","Đại số","Tập hợp điểm biểu diễn số phức","skill_calculation;skill_reasoning","Dễ","M2","60","single_choice","Tập hợp các điểm biểu diễn số phức z thỏa mãn điều kiện \(|z - 1 + 2i| = 3\) trong mặt phẳng phức là:","Đường tròn tâm I(1, -2), bán kính R = 3","Đường tròn tâm I(-1, 2), bán kính R = 3","Đường tròn tâm I(1, -2), bán kính R = 9","Đường thẳng x - 2y = 3","A","Đặt z = x + yi. Ta có |(x - 1) + (y + 2)i| = 3 ⇔ (x - 1)² + (y + 2)² = 9.<br>Đây là phương trình đường tròn tâm I(1, -2) và bán kính R = 3.","official","Đề thi ĐGNL ĐHQGHN","CC BY-NC-SA 4.0","kb_toan12_02"
"q_hsa_38","HSA","Toán 12","Giải tích","Nguyên hàm lượng giác cơ bản","skill_calculation;skill_reasoning","Dễ","M2","60","single_choice","Nguyên hàm của hàm số \(f(x) = \cos(3x + 1)\) là:","\(\frac{1}{3}\sin(3x + 1) + C\)","\(-\frac{1}{3}\sin(3x + 1) + C\)","\(3\sin(3x + 1) + C\)","\(\sin(3x + 1) + C\)","A","∫ cos(ax + b) dx = (1/a) sin(ax + b) + C. Với a = 3 => (1/3) sin(3x + 1) + C.","official","Đề thi ĐGNL ĐHQGHN","CC BY-NC-SA 4.0","kb_toan12_03"
"q_hsa_39","HSA","Toán 12","Hình học","Đường sinh hình nón","skill_spatial;skill_reasoning","Dễ","M2","60","single_choice","Một hình nón có bán kính đáy \(r = 5\) và diện tích xung quanh \(S_{xq} = 65\pi\). Độ dài đường sinh \(l\) của hình nón bằng:","13","12","10","15","A","S_xq = π r l ⇔ 65π = π · 5 · l => l = 65 / 5 = 13.","official","Đề thi ĐGNL ĐHQGHN","CC BY-NC-SA 4.0","kb_toan12_04"
"q_hsa_40","HSA","Toán 12","Đại số","Bất phương trình mũ","skill_calculation;skill_reasoning","Dễ","M2","60","single_choice","Bất phương trình \(3^{x^2 - 4} \ge 1\) có tập nghiệm là:","\((-\infty; -2] \cup [2; +\infty)\)","\([-2; 2]\)","\((-\infty; -2) \cup (2; +\infty)\)","\(\mathbb{R}\)","A","3^{x² - 4} ≥ 3⁰ ⇔ x² - 4 ≥ 0 ⇔ x ≤ -2 hoặc x ≥ 2. Tập nghiệm: (-∞; -2] ∪ [2; +∞).","official","Đề thi ĐGNL ĐHQGHN","CC BY-NC-SA 4.0","kb_toan12_02"
"q_thpt_21","THPT","Toán 12","Hình học","Thể tích khối chóp tứ giác đều","skill_spatial;skill_reasoning","Dễ","M2","60","single_choice","Thể tích khối chóp tứ giác đều có cạnh đáy bằng \(a\) và chiều cao bằng \(a\sqrt{3}\) là:","\(\frac{a^3\sqrt{3}}{3}\)","\(a^3\sqrt{3}\)","\(\frac{a^3\sqrt{3}}{6}\)","\(\frac{a^3}{3}\)","A","V = (1/3) · S_đáy · h = (1/3) · a² · a√3 = a³√3 / 3.","adapted","Đề thi Tốt nghiệp THPT","CC BY-NC-SA 4.0","kb_toan12_04"
"q_thpt_22","THPT","Toán 12","Giải tích","Giao điểm hai đường tiệm cận","skill_calculation;skill_reasoning","Dễ","M2","60","single_choice","Tọa độ giao điểm của hai đường tiệm cận của đồ thị hàm số \(y = \frac{3x + 2}{x - 1}\) là:","\((1, 3)\)","\((-1, 3)\)","\((1, -3)\)","\((3, 1)\)","A","Tiệm cận đứng: x = 1. Tiệm cận ngang: y = 3. Giao điểm là I(1, 3).","adapted","Đề thi Tốt nghiệp THPT","CC BY-NC-SA 4.0","kb_toan12_01"
"q_thpt_23","THPT","Toán 12","Đại số","Phép nhân hai số phức","skill_calculation;skill_reasoning","Dễ","M2","60","single_choice","Cho hai số phức \(z_1 = 1 + 2i\) và \(z_2 = 2 - i\). Số phức \(w = z_1 \cdot z_2\) bằng:","\(4 + 3i\)","\(4 - 3i\)","\(2 - 2i\)","\(5i\)","A","(1 + 2i)(2 - i) = 2 - i + 4i - 2i² = 2 + 3i + 2 = 4 + 3i.","adapted","Đề thi Tốt nghiệp THPT","CC BY-NC-SA 4.0","kb_toan12_02"
"q_thpt_24","THPT","Toán 12","Hình học","Khoảng cách giữa hai điểm Oxyz","skill_spatial;skill_reasoning","Dễ","M2","60","single_choice","Trong không gian Oxyz, khoảng cách giữa điểm \(A(1, 2, 3)\) và điểm \(B(4, 2, -1)\) bằng:","5","25","√7","4","A","AB = √[(4 - 1)² + (2 - 2)² + (-1 - 3)²] = √[3² + 0² + (-4)²] = √[9 + 16] = 5.","adapted","Đề thi Tốt nghiệp THPT","CC BY-NC-SA 4.0","kb_toan12_04"
"q_thpt_25","THPT","Toán 12","Giải tích","Tích phân đa thức cơ bản","skill_calculation;skill_reasoning","Dễ","M2","60","single_choice","Giá trị của tích phân \(I = \int_0^1 (3x^2 + 2x) dx\) bằng:","2","1","3","5","A","I = [x³ + x²]₀¹ = (1 + 1) - 0 = 2.","adapted","Đề thi Tốt nghiệp THPT","CC BY-NC-SA 4.0","kb_toan12_03"
"q_calc_16","Giải tích 1","Toán 12","Giải tích","Phương trình vi phân cấp 2 đặc trưng","skill_calculation;skill_reasoning","Dễ","M2","60","single_choice","Nghiệm tổng quát của phương trình vi phân thuần nhất cấp 2: \(y'' - 4y = 0\) là:","\(y = C_1 e^{2x} + C_2 e^{-2x}\)","\(y = C_1 \cos 2x + C_2 \sin 2x\)","\(y = (C_1 + C_2 x) e^{2x}\)","\(y = C_1 e^{4x} + C_2\)","A","Phương trình đặc trưng: k² - 4 = 0 ⇔ k = ±2.<br>Hai nghiệm thực phân biệt nên nghiệm tổng quát là: y = C₁ e^{2x} + C₂ e^{-2x}.","adapted","Toán Cao Cấp ĐHBK Hà Nội","CC BY-NC-SA 4.0","kb_gt1_05"
"q_calc_17","Giải tích 1","Toán 12","Giải tích","Giới hạn hàm nhiều biến","skill_calculation;skill_reasoning","Trung bình","M3","90","single_choice","Tính giới hạn hai biến \(L = \lim_{(x, y) \to (0, 0)} \frac{x y}{x^2 + y^2}\) (hoặc kết luận nếu không tồn tại).","Không tồn tại giới hạn","0","1/2","1","A","Tiến theo đường thẳng y = kx: lim x(kx) / [x² + k²x²] = k / (1 + k²).<br>Giới hạn phụ thuộc vào hệ số góc k của phương tiến tới (ví dụ k = 0 thì L = 0, k = 1 thì L = 1/2), do đó giới hạn không tồn tại.","adapted","Toán Cao Cấp ĐHBK Hà Nội","CC BY-NC-SA 4.0","kb_gt1_01"
"q_calc_18","Toán cao cấp","Toán 12","Đại số","Hạng ma trận","skill_calculation;skill_reasoning","Dễ","M2","60","single_choice","Hạng của ma trận \(A = \begin{pmatrix} 1 & 2 & 3 \\ 2 & 4 & 6 \\ -1 & -2 & -3 \end{pmatrix}\) bằng:","1","2","3","0","A","Hàng 2 bằng 2 lần hàng 1, hàng 3 bằng -1 lần hàng 1. Cả hai hàng 2 và 3 đều tỉ lệ với hàng 1 nên bị triệt tiêu khi khử Gauss. Hạng ma trận bằng 1.","adapted","Đại số Tuyến tính ĐHBK","CC BY-NC-SA 4.0","kb_dstt_03"
"q_calc_19","Giải tích 1","Toán 12","Giải tích","Đạo hàm riêng hàm nhiều biến","skill_calculation;skill_reasoning","Dễ","M2","60","single_choice","Đạo hàm riêng cấp 1 theo biến x của hàm hai biến \(f(x, y) = x^3 y^2 + \sin(x y)\) là:","\(f'_x = 3x^2 y^2 + y\cos(xy)\)","\(f'_x = 3x^2 y^2 + \cos(xy)\)","\(f'_x = 2x^3 y + x\cos(xy)\)","\(f'_x = 3x^2 + y\cos(xy)\)","A","Coi y là hằng số, đạo hàm theo x: (x³ y²)'_x = 3x² y²; (sin(xy))'_x = y cos(xy). Vậy f'_x = 3x² y² + y cos(xy).","adapted","Toán Cao Cấp ĐHBK Hà Nội","CC BY-NC-SA 4.0","kb_gt1_02"
"q_calc_20","Toán cao cấp","Toán 12","Đại số","Vết của ma trận vuông","skill_calculation;skill_reasoning","Dễ","M2","60","single_choice","Vết (Trace) của ma trận \(A = \begin{pmatrix} 5 & 2 & 1 \\ 0 & -3 & 4 \\ 1 & 1 & 7 \end{pmatrix}\) bằng:","9","15","5","10","A","Vết của ma trận vuông là tổng các phần tử trên đường chéo chính: tr(A) = 5 + (-3) + 7 = 9.","adapted","Đại số Tuyến tính ĐHBK","CC BY-NC-SA 4.0","kb_dstt_04"
"q_tsa_56","TSA","Toán 12","Đại số","Dòng điện xoay chiều giá trị hiệu dụng","skill_calculation;skill_reasoning","Dễ","M2","60","single_choice","Một mạch điện xoay chiều có cường độ dòng điện tức thời \(i(t) = 4\cos(100\pi t - \pi/4)\) (A). Cường độ hiệu dụng của dòng điện bằng:","\(2\sqrt{2}\text{ A}\)","\(4\text{ A}\)","\(2\text{ A}\)","\(4\sqrt{2}\text{ A}\)","A","Cường độ hiệu dụng bằng cực đại chia cho √2: I = I₀ / √2 = 4 / √2 = 2√2 A.","adapted","Tư duy Khoa học TSA","CC BY-NC-SA 4.0","kb_toan11_01"
"q_tsa_57","TSA","Toán 12","Giải tích","Độ cao cực đại ném đứng","skill_calculation;skill_reasoning","Dễ","M2","60","single_choice","Một quả bóng được ném thẳng đứng lên cao từ mặt đất với vận tốc ban đầu \(v_0 = 20\text{ m/s}\). Lấy \(g = 10\text{ m/s}^2\), bỏ qua sức cản không khí. Độ cao cực đại mà quả bóng đạt được là:","20 m","40 m","10 m","25 m","A","Phương trình chuyển động: y(t) = v₀ t - (1/2)gt² = 20t - 5t².<br>Vận tốc v(t) = 20 - 10t = 0 ⇔ t = 2 s.<br>Độ cao cực đại: y(2) = 20(2) - 5(4) = 40 - 20 = 20 m.","official","Đề thi TSA Bách Khoa","CC BY-NC-SA 4.0","kb_toan10_03"
"q_tsa_58","TSA","Toán 12","Xác suất","Quy tắc nhân xác suất","skill_probability;skill_reasoning;skill_data_analysis","Dễ","M2","60","single_choice","Một người có 3 chiếc áo sơ mi khác màu và 4 chiếc quần âu khác màu. Số cách phối 1 bộ trang phục (gồm 1 áo và 1 quần) là:","12 cách","7 cách","14 cách","24 cách","A","Theo quy tắc nhân: 3 × 4 = 12 cách phối đồ.","official","Đề thi TSA Bách Khoa","CC BY-NC-SA 4.0","kb_toan10_05"
"q_tsa_59","TSA","Toán 12","Đại số","Giao của hai tập hợp số thực","skill_calculation;skill_reasoning","Dễ","M2","60","single_choice","Cho hai tập hợp \(A = (-\infty; 3]\) và \(B = [1; 5)\). Tập hợp \(A \cap B\) là:","\([1; 3]\)","\((-\infty; 5)\)","\((1; 3)\)","\([1; 3)\)","A","Giao của hai tập hợp: các số x thỏa mãn x ≤ 3 và 1 ≤ x < 5 => 1 ≤ x ≤ 3 => [1; 3].","official","Đề thi TSA Bách Khoa","CC BY-NC-SA 4.0","kb_toan10_01"
"q_tsa_60","TSA","Toán 12","Đại số","Định lý Ramsey trong toán rời rạc","skill_calculation;skill_reasoning","Khó","M4","120","single_choice","Trong một mạng xã hội nội bộ gồm 6 thành viên, mỗi cặp thành viên hoặc quen nhau hoặc không quen nhau. Theo định lý Ramsey, trong nhóm này luôn có ít nhất bao nhiêu người đôi một quen nhau hoặc đôi một không quen nhau?","3 người","4 người","2 người","5 người","A","Định lý Ramsey R(3, 3) = 6: Trong bất kỳ nhóm 6 người nào, luôn tồn tại ít nhất 3 người đôi một quen nhau hoặc đôi một không quen nhau.","adapted","Tư duy Logic Toán rời rạc TSA","CC BY-NC-SA 4.0","kb_toan10_01"
"q_hsa_46","HSA","Toán 12","Hình học","Công thức Heron tính diện tích tam giác","skill_spatial;skill_reasoning","Dễ","M2","60","single_choice","Cho tam giác ABC có ba cạnh \(a = 5, b = 6, c = 7\). Diện tích của tam giác ABC theo công thức Heron bằng:","\(6\sqrt{6}\)","\(12\sqrt{3}\)","\(18\)","\(8\sqrt{5}\)","A","Nửa chu vi p = (5 + 6 + 7) / 2 = 9.<br>Heron: S = √[9(9 - 5)(9 - 6)(9 - 7)] = √[9 · 4 · 3 · 2] = √216 = 6√6.","official","Đề thi ĐGNL ĐHQGHN","CC BY-NC-SA 4.0","kb_toan10_04"
"q_hsa_47","HSA","Toán 12","Giải tích","Tâm đối xứng đồ thị hàm phân thức","skill_calculation;skill_reasoning","Dễ","M2","60","single_choice","Đồ thị hàm số \(y = \frac{2x + 1}{x - 3}\) có tâm đối xứng là điểm nào?","\(I(3, 2)\)","\(I(-3, 2)\)","\(I(3, -2)\)","\(I(2, 3)\)","A","Tâm đối xứng của đồ thị hàm phân thức bậc nhất là giao điểm của 2 đường tiệm cận: tiệm cận đứng x = 3, tiệm cận ngang y = 2 => I(3, 2).","official","Đề thi ĐGNL ĐHQGHN","CC BY-NC-SA 4.0","kb_toan12_01"
"q_hsa_48","HSA","Toán 12","Hình học","Phương trình đường tròn phẳng","skill_spatial;skill_reasoning","Dễ","M2","60","single_choice","Trong mặt phẳng Oxy, phương trình đường tròn có tâm \(I(1, -2)\) và đi qua điểm \(A(4, 2)\) là:","\((x - 1)^2 + (y + 2)^2 = 25\)","\((x - 1)^2 + (y + 2)^2 = 5\)","\((x + 1)^2 + (y - 2)^2 = 25\)","\((x - 1)^2 + (y + 2)^2 = 16\)","A","Bán kính R = IA = √[(4 - 1)² + (2 - (-2))²] = √[3² + 4²] = 5.<br>Phương trình đường tròn: (x - 1)² + (y + 2)² = 25.","official","Đề thi ĐGNL ĐHQGHN","CC BY-NC-SA 4.0","kb_toan10_04"
"q_hsa_49","HSA","Toán 12","Đại số","Bất phương trình logarit chứa điều kiện","skill_calculation;skill_reasoning","Trung bình","M3","90","single_choice","Tập nghiệm của bất phương trình \(\log_2(x^2 - 3x) \le 2\) là:","\([-1; 0) \cup (3; 4]\)","\([-1; 4]\)","\((0; 3)\)","\((-\infty; -1] \cup [4; +\infty)\)","A","Điều kiện: x² - 3x > 0 ⇔ x < 0 hoặc x > 3.<br>Bất phương trình: x² - 3x ≤ 2² = 4 ⇔ x² - 3x - 4 ≤ 0 ⇔ -1 ≤ x ≤ 4.<br>Kết hợp điều kiện: x ∈ [-1; 0) ∪ (3; 4].","official","Đề thi ĐGNL ĐHQGHN","CC BY-NC-SA 4.0","kb_toan12_02"
"q_hsa_50","HSA","Toán 12","Hình học","Diện tích toàn phần hình lập phương","skill_spatial;skill_reasoning","Dễ","M2","60","single_choice","Tính diện tích toàn phần của hình lập phương có cạnh bằng \(3\text{ cm}\).","54 cm²","27 cm²","36 cm²","18 cm²","A","Hình lập phương có 6 mặt hình vuông: S_tp = 6 · a² = 6 · 3² = 54 cm².","official","Đề thi ĐGNL ĐHQGHN","CC BY-NC-SA 4.0","kb_toan12_04"
"q_thpt_36","THPT","Toán 12","Giải tích","Đổi biến số tích phân","skill_calculation;skill_reasoning","Dễ","M2","60","single_choice","Cho hàm số \(y = f(x)\) liên tục trên \(\mathbb{R}\) và có \(\int_0^2 f(x)dx = 6\). Tính \(I = \int_0^1 f(2x)dx\).","3","12","6","2","A","Đổi biến số: đặt t = 2x => dt = 2dx => dx = dt / 2.<br>Đổi cận: x = 0 => t = 0; x = 1 => t = 2.<br>I = ∫₀² f(t) (dt / 2) = (1/2) ∫₀² f(t)dt = (1/2) · 6 = 3.","adapted","Đề thi Tốt nghiệp THPT","CC BY-NC-SA 4.0","kb_toan12_03"
"q_thpt_37","THPT","Toán 12","Hình học","Điểm thuộc mặt phẳng","skill_spatial;skill_reasoning","Dễ","M2","60","single_choice","Trong không gian Oxyz, cho mặt phẳng \((P): 2x - y + 2z - 9 = 0\) và điểm \(M(1, -1, 3)\). Khoảng cách từ M đến (P) bằng:","0","2","3","1","A","Thay tọa độ M vào vế trái của phương trình (P): 2(1) - (-1) + 2(3) - 9 = 2 + 1 + 6 - 9 = 0.<br>Do đó điểm M thuộc mặt phẳng (P), khoảng cách từ M đến (P) bằng 0.","adapted","Đề thi Tốt nghiệp THPT","CC BY-NC-SA 4.0","kb_toan12_04"
"q_thpt_38","THPT","Toán 12","Đại số","Phương trình trùng phương","skill_calculation;skill_reasoning","Dễ","M2","60","single_choice","Số nghiệm thực của phương trình \(x^4 - 2x^2 - 3 = 0\) là:","2","4","0","1","A","Đặt t = x² (t ≥ 0). Phương trình: t² - 2t - 3 = 0 ⇔ t = -1 (loại) hoặc t = 3 (nhận).<br>Với t = 3 => x² = 3 ⇔ x = ±√3. Phương trình có đúng 2 nghiệm thực.","adapted","Đề thi Tốt nghiệp THPT","CC BY-NC-SA 4.0","kb_toan10_03"
"q_thpt_39","THPT","Toán 12","Hình học","Vectơ chỉ phương đường thẳng Oxyz","skill_spatial;skill_reasoning","Dễ","M2","60","single_choice","Trong không gian Oxyz, một vectơ chỉ phương của đường thẳng \(d: \frac{x - 3}{1} = \frac{y + 1}{-2} = \frac{z}{4}\) là:","\(\vec{u} = (1, -2, 4)\)","\(\vec{u} = (3, -1, 0)\)","\(\vec{u} = (-1, -2, 4)\)","\(\vec{u} = (1, 2, 4)\)","A","Các mẫu số của phương trình chính tắc là tọa độ vectơ chỉ phương: u = (1, -2, 4).","adapted","Đề thi Tốt nghiệp THPT","CC BY-NC-SA 4.0","kb_toan12_04"
"q_thpt_40","THPT","Toán 12","Đại số","Bất phương trình mũ cơ bản","skill_calculation;skill_reasoning","Dễ","M2","60","single_choice","Tập nghiệm của bất phương trình \(2^{x} > 8\) là:","\((3; +\infty)\)","\([3; +\infty)\)","\((-\infty; 3)\)","\((0; 3)\)","A","Vì cơ số 2 > 1: 2^x > 2³ ⇔ x > 3. Tập nghiệm: (3; +∞).","adapted","Đề thi Tốt nghiệp THPT","CC BY-NC-SA 4.0","kb_toan12_02"